Customer_ID,Customer_Name,Age,Gender,City,State,Product_Category,Product_Name,Order_ID,Order_Date,Quantity,Unit_Price,Total_Sales,Discount,Profit,Payment_Method,Order_Status,Customer_Rating,Marketing_Channel,Device
CUST10033,Aarav Pawar,35,Male,Kolkata,West Bengal,Fashion,Jeans,ORD100001,2025-10-07,2,1299,2598.0,0,559.45,UPI,Completed,4,Google Ads,Mobile
CUST10715,Sara Gupta,59,Male,Nagpur,Maharashtra,Books,Business Book,ORD100002,2025-01-04,2,599,1018.3,15,201.47,Net Banking,Completed,3,Email,Desktop
CUST10128,Ananya Patil,23,Male,Nashik,Maharashtra,Beauty,Face Wash,ORD100003,2025-01-23,3,349,942.3,10,189.16,Net Banking,Completed,5,Google Ads,Tablet
CUST10651,Kiara Gupta,22,Female,Thane,Maharashtra,Electronics,Smart Watch,ORD100004,2025-02-21,3,2499,7497.0,0,1882.22,Debit Card,Completed,4,Instagram,Desktop
CUST10948,Ishaan Pawar,59,Male,Navi Mumbai,Maharashtra,Electronics,USB-C Hub,ORD100005,2025-03-25,2,1299,2078.4,20,469.36,Cash on Delivery,Completed,4,Instagram,Tablet
CUST10218,Aryan Nair,20,Male,Navi Mumbai,Maharashtra,Home,Cushion Set,ORD100006,2025-10-18,3,599,1797.0,0,219.59,Net Banking,Completed,4,Organic Search,Tablet
CUST10142,Ishaan Deshmukh,33,Male,Bengaluru,Karnataka,Books,Self Help Book,ORD100007,2025-10-26,3,449,1077.6,20,178.54,Cash on Delivery,Completed,3,Organic Search,Mobile
CUST10995,Arjun Deshmukh,58,Male,Jaipur,Rajasthan,Fashion,Jacket,ORD100008,2025-11-02,5,1899,9495.0,0,1490.27,Cash on Delivery,Returned,3,Google Ads,Tablet
CUST10996,Sara Jadhav,35,Male,Ahmedabad,Gujarat,Home,Table Lamp,ORD100009,2025-01-02,3,799,2037.45,15,227.44,Cash on Delivery,Returned,3,Instagram,Tablet
CUST10941,Siddharth Nair,58,Male,Indore,Madhya Pradesh,Books,Self Help Book,ORD100010,2025-03-24,2,449,853.1,5,132.05,UPI,Completed,5,Facebook,Desktop
CUST10836,Arjun Reddy,41,Male,Bengaluru,Karnataka,Home,Bedsheet,ORD100011,2025-02-10,1,1199,1139.05,5,291.14,UPI,Completed,4,Facebook,Mobile
CUST10409,Sara Deshmukh,34,Female,Nashik,Maharashtra,Books,Self Help Book,ORD100012,2025-12-20,4,449,1706.2,5,453.48,Debit Card,Completed,4,Organic Search,Tablet
CUST10647,Aryan Gupta,22,Male,Bengaluru,Karnataka,Home,Table Lamp,ORD100013,2025-04-23,5,799,3196.0,20,402.77,UPI,Completed,5,Instagram,Mobile
CUST10804,Ananya Patil,50,Male,Indore,Madhya Pradesh,Fashion,Sneakers,ORD100014,2025-10-20,4,2199,8356.2,5,1569.69,Net Banking,Completed,3,Organic Search,Mobile
CUST10255,Isha Joshi,45,Male,Pune,Maharashtra,Beauty,Perfume,ORD100015,2025-06-23,1,999,999.0,0,92.03,Credit Card,Completed,3,Instagram,Tablet
CUST10554,Isha Deshmukh,35,Male,Bengaluru,Karnataka,Beauty,Moisturizer,ORD100016,2025-10-09,1,499,424.15,15,102.48,UPI,Completed,5,Google Ads,Mobile
CUST10293,Priya Singh,31,Female,Nashik,Maharashtra,Beauty,Face Wash,ORD100017,2025-07-19,2,349,593.3,15,47.72,Net Banking,Completed,4,YouTube,Tablet
CUST10489,Rohan Gupta,36,Female,Jaipur,Rajasthan,Fashion,T-Shirt,ORD100018,2025-06-10,5,599,2396.0,20,220.89,Cash on Delivery,Completed,5,Facebook,Mobile
CUST10041,Rahul Patil,56,Male,Mumbai,Maharashtra,Electronics,Smart Watch,ORD100019,2025-10-19,4,2499,9996.0,0,2682.12,Cash on Delivery,Completed,5,Google Ads,Desktop
CUST10952,Ishaan Gupta,60,Female,Kolkata,West Bengal,Home,Bedsheet,ORD100020,2025-11-27,3,1199,3057.45,15,324.63,UPI,Completed,4,Google Ads,Desktop
CUST10449,Aditya Mehta,31,Male,Chennai,Tamil Nadu,Books,Python Book,ORD100021,2025-05-06,2,699,1258.2,10,322.32,Cash on Delivery,Completed,3,YouTube,Desktop
CUST10620,Sara Verma,60,Male,Chennai,Tamil Nadu,Electronics,Smart Watch,ORD100022,2025-10-11,3,2499,7497.0,0,1933.8,Credit Card,Completed,4,YouTube,Desktop
CUST10269,Riya Singh,34,Female,Nagpur,Maharashtra,Electronics,Wireless Headphones,ORD100023,2025-06-20,4,1499,5396.4,10,479.29,Credit Card,Completed,5,YouTube,Desktop
CUST10131,Sara Sharma,25,Female,Hyderabad,Telangana,Electronics,Smart Watch,ORD100024,2025-10-26,5,2499,12495.0,0,3085.25,UPI,Completed,4,Email,Desktop
CUST10886,Aanya Gupta,33,Male,Indore,Madhya Pradesh,Electronics,Bluetooth Speaker,ORD100025,2025-03-21,5,1999,8495.75,15,2334.36,Credit Card,Cancelled,2,Instagram,Desktop
CUST10205,Ananya Jadhav,44,Male,Mumbai,Maharashtra,Fashion,Sneakers,ORD100026,2025-01-20,2,2199,4398.0,0,688.32,Net Banking,Completed,3,Email,Desktop
CUST10410,Aryan Sharma,60,Male,Surat,Gujarat,Fashion,Jacket,ORD100027,2025-05-23,3,1899,5127.3,10,1296.54,Cash on Delivery,Completed,5,Email,Mobile
CUST10119,Rahul Shah,34,Female,Pune,Maharashtra,Electronics,Wireless Headphones,ORD100028,2025-06-10,5,1499,6370.75,15,950.12,Net Banking,Completed,5,Facebook,Mobile
CUST10680,Isha Sharma,51,Male,Thane,Maharashtra,Books,Data Science Book,ORD100029,2025-12-07,3,799,2037.45,15,191.51,UPI,Cancelled,3,YouTube,Desktop
CUST10631,Isha Joshi,43,Female,Hyderabad,Telangana,Home,Storage Box,ORD100030,2025-07-14,2,899,1708.1,5,280.28,Cash on Delivery,Completed,3,Email,Desktop
CUST10485,Siddharth Verma,31,Male,Hyderabad,Telangana,Beauty,Face Serum,ORD100031,2025-08-15,5,699,3145.5,10,544.16,Credit Card,Completed,5,YouTube,Mobile
CUST10467,Aditya Nair,33,Female,Thane,Maharashtra,Home,Bedsheet,ORD100032,2025-05-06,2,1199,2278.1,5,193.38,Net Banking,Returned,1,YouTube,Tablet
CUST10571,Priya Khan,33,Female,Nagpur,Maharashtra,Fashion,T-Shirt,ORD100033,2025-12-23,1,599,509.15,15,63.02,Credit Card,Completed,3,Google Ads,Desktop
CUST10762,Riya Mehta,56,Female,Nashik,Maharashtra,Home,Cushion Set,ORD100034,2025-10-08,5,599,2396.0,20,396.17,Net Banking,Completed,3,Organic Search,Desktop
CUST10328,Ishaan Jadhav,51,Male,Jaipur,Rajasthan,Beauty,Moisturizer,ORD100035,2025-05-27,3,499,1272.45,15,121.51,Cash on Delivery,Completed,4,Google Ads,Mobile
CUST10853,Diya Pawar,27,Male,Nashik,Maharashtra,Fashion,T-Shirt,ORD100036,2025-08-27,4,599,2036.6,15,297.7,Net Banking,Completed,3,Organic Search,Tablet
CUST10560,Kiara Khan,48,Male,Ahmedabad,Gujarat,Electronics,Bluetooth Speaker,ORD100037,2025-08-03,3,1999,5097.45,15,1277.88,Cash on Delivery,Completed,5,Instagram,Desktop
CUST10929,Isha Singh,19,Female,Nagpur,Maharashtra,Beauty,Shampoo,ORD100038,2025-03-07,4,599,2276.2,5,564.73,Net Banking,Returned,1,Facebook,Tablet
CUST10346,Aditya Kulkarni,45,Male,Kolkata,West Bengal,Fashion,Jacket,ORD100039,2025-06-17,2,1899,3798.0,0,501.45,Net Banking,Completed,4,Email,Desktop
CUST10973,Priya Sharma,52,Male,Thane,Maharashtra,Electronics,Bluetooth Speaker,ORD100040,2025-11-30,2,1999,3998.0,0,944.51,Credit Card,Completed,3,Instagram,Mobile
CUST10987,Aryan Deshmukh,48,Male,Chennai,Tamil Nadu,Electronics,USB-C Hub,ORD100041,2025-07-08,2,1299,2208.3,15,485.59,UPI,Completed,5,Instagram,Desktop
CUST10792,Siddharth Shah,42,Male,Pune,Maharashtra,Beauty,Moisturizer,ORD100042,2025-11-18,1,499,399.2,20,87.07,Debit Card,Completed,5,YouTube,Tablet
CUST10843,Kiara Jadhav,20,Male,Jaipur,Rajasthan,Home,Storage Box,ORD100043,2025-11-28,4,899,3236.4,10,303.55,Net Banking,Completed,4,Google Ads,Desktop
CUST10607,Rohan Khan,29,Female,Navi Mumbai,Maharashtra,Books,Python Book,ORD100044,2025-08-27,5,699,2796.0,20,656.86,Debit Card,Completed,5,Email,Mobile
CUST10187,Ishaan Reddy,46,Male,Surat,Gujarat,Fashion,Jacket,ORD100045,2025-06-22,5,1899,7596.0,20,1622.79,Net Banking,Completed,4,Instagram,Desktop
CUST10501,Ananya Verma,56,Female,Jaipur,Rajasthan,Home,Storage Box,ORD100046,2025-02-13,1,899,719.2,20,193.91,Cash on Delivery,Completed,4,Instagram,Tablet
CUST10485,Meera Jadhav,19,Female,Bengaluru,Karnataka,Electronics,Bluetooth Speaker,ORD100047,2025-06-06,2,1999,3398.3,15,742.04,Cash on Delivery,Completed,4,Facebook,Desktop
CUST10549,Aanya Pawar,47,Female,Delhi,Delhi,Home,Wall Clock,ORD100048,2025-04-09,3,699,1992.15,5,207.44,Credit Card,Completed,5,Instagram,Mobile
CUST10310,Ishaan Pawar,55,Female,Ahmedabad,Gujarat,Books,Self Help Book,ORD100049,2025-06-01,3,449,1347.0,0,332.07,UPI,Completed,3,YouTube,Tablet
CUST10452,Vivaan Sharma,53,Female,Nashik,Maharashtra,Home,Bedsheet,ORD100050,2025-10-21,4,1199,4796.0,0,1220.79,Debit Card,Completed,4,Instagram,Mobile
CUST10972,Arjun Nair,22,Female,Thane,Maharashtra,Beauty,Perfume,ORD100051,2025-01-28,1,999,799.2,20,164.55,Debit Card,Completed,5,Google Ads,Mobile
CUST10313,Nisha Shah,57,Female,Pune,Maharashtra,Fashion,Backpack,ORD100052,2025-06-02,4,999,3396.6,15,888.89,Cash on Delivery,Completed,4,Facebook,Mobile
CUST10462,Kabir Kulkarni,31,Male,Chennai,Tamil Nadu,Home,Table Lamp,ORD100053,2025-02-08,2,799,1518.1,5,174.22,Cash on Delivery,Completed,4,Organic Search,Desktop
CUST10436,Siddharth Pawar,36,Male,Mumbai,Maharashtra,Beauty,Face Wash,ORD100054,2025-11-17,2,349,628.2,10,149.24,UPI,Completed,3,Facebook,Mobile
CUST10128,Ishaan Nair,27,Male,Kolkata,West Bengal,Electronics,Wireless Headphones,ORD100055,2025-10-19,2,1499,2698.2,10,536.97,Net Banking,Cancelled,4,YouTube,Desktop
CUST10257,Ishaan Mehta,52,Female,Ahmedabad,Gujarat,Beauty,Perfume,ORD100056,2025-08-10,1,999,799.2,20,70.31,UPI,Completed,5,Google Ads,Mobile
CUST10651,Ishaan Shah,20,Male,Kolkata,West Bengal,Fashion,Jacket,ORD100057,2025-04-03,5,1899,8070.75,15,2124.34,Net Banking,Returned,4,Google Ads,Desktop
CUST10834,Ananya Joshi,60,Female,Navi Mumbai,Maharashtra,Electronics,Smart Watch,ORD100058,2025-05-28,3,2499,6372.45,15,1393.88,Cash on Delivery,Completed,4,Google Ads,Desktop
CUST10638,Ishaan Joshi,25,Female,Pune,Maharashtra,Beauty,Face Serum,ORD100059,2025-01-28,1,699,559.2,20,96.4,Net Banking,Completed,4,YouTube,Desktop
CUST10727,Kabir Verma,53,Male,Jaipur,Rajasthan,Fashion,Sneakers,ORD100060,2025-11-19,4,2199,7476.6,15,779.7,Credit Card,Completed,3,Email,Tablet
CUST10426,Aditya Gupta,25,Female,Mumbai,Maharashtra,Beauty,Face Wash,ORD100061,2025-05-30,2,349,593.3,15,158.13,Net Banking,Completed,4,Organic Search,Mobile
CUST10274,Diya Gupta,56,Male,Bengaluru,Karnataka,Books,Data Science Book,ORD100062,2025-08-01,1,799,719.1,10,168.65,UPI,Completed,5,Email,Tablet
CUST10891,Rohan Singh,52,Female,Thane,Maharashtra,Beauty,Shampoo,ORD100063,2025-07-13,3,599,1437.6,20,334.35,Credit Card,Completed,4,YouTube,Mobile
CUST10156,Aryan Nair,44,Female,Chennai,Tamil Nadu,Electronics,Bluetooth Speaker,ORD100064,2025-12-06,4,1999,6796.6,15,1068.53,Net Banking,Completed,5,Google Ads,Mobile
CUST10077,Arjun Nair,46,Female,Hyderabad,Telangana,Electronics,USB-C Hub,ORD100065,2025-07-29,4,1299,5196.0,0,1166.44,Net Banking,Completed,3,Email,Desktop
CUST10647,Aditya Nair,39,Female,Chennai,Tamil Nadu,Books,Business Book,ORD100066,2025-01-19,3,599,1527.45,15,388.7,Debit Card,Completed,3,Instagram,Tablet
CUST10301,Arjun Jadhav,58,Female,Pune,Maharashtra,Electronics,Power Bank,ORD100067,2025-01-24,2,899,1618.2,10,421.84,Debit Card,Completed,3,Email,Desktop
CUST10510,Riya Khan,54,Male,Nashik,Maharashtra,Fashion,Jeans,ORD100068,2025-07-15,2,1299,2598.0,0,524.53,Cash on Delivery,Completed,3,Instagram,Mobile
CUST10655,Meera Verma,60,Female,Bengaluru,Karnataka,Electronics,Power Bank,ORD100069,2025-08-15,3,899,2157.6,20,240.78,Net Banking,Cancelled,3,YouTube,Desktop
CUST10023,Kabir Khan,48,Female,Bengaluru,Karnataka,Electronics,Smart Watch,ORD100070,2025-06-01,4,2499,7996.8,20,1213.85,Net Banking,Returned,3,Email,Mobile
CUST10774,Nisha Pawar,49,Male,Chennai,Tamil Nadu,Home,Bedsheet,ORD100071,2025-04-08,5,1199,5395.5,10,667.97,Credit Card,Completed,5,YouTube,Mobile
CUST10180,Siddharth Jadhav,46,Male,Indore,Madhya Pradesh,Electronics,USB-C Hub,ORD100072,2025-06-01,3,1299,3702.15,5,362.91,Credit Card,Completed,4,Instagram,Tablet
CUST10987,Riya Mehta,35,Female,Indore,Madhya Pradesh,Fashion,Sneakers,ORD100073,2025-06-23,4,2199,7916.4,10,1815.32,UPI,Completed,4,Instagram,Mobile
CUST10269,Sara Joshi,23,Female,Surat,Gujarat,Beauty,Face Wash,ORD100074,2025-07-08,3,349,837.6,20,87.71,Cash on Delivery,Completed,5,Organic Search,Tablet
CUST10932,Aryan Singh,19,Male,Navi Mumbai,Maharashtra,Books,Self Help Book,ORD100075,2025-02-02,3,449,1077.6,20,133.92,Debit Card,Completed,4,YouTube,Desktop
CUST10687,Vivaan Sharma,37,Male,Pune,Maharashtra,Beauty,Face Wash,ORD100076,2025-03-11,1,349,331.55,5,85.36,Cash on Delivery,Completed,4,Organic Search,Tablet
CUST10974,Isha Kulkarni,24,Male,Ahmedabad,Gujarat,Beauty,Face Serum,ORD100077,2025-07-09,4,699,2516.4,10,217.78,Credit Card,Completed,4,Email,Mobile
CUST10094,Sara Reddy,59,Female,Kolkata,West Bengal,Home,Table Lamp,ORD100078,2025-03-04,4,799,2876.4,10,339.31,Credit Card,Cancelled,4,YouTube,Tablet
CUST10833,Vivaan Jadhav,39,Male,Chennai,Tamil Nadu,Fashion,Jeans,ORD100079,2025-10-11,5,1299,6170.25,5,578.29,Credit Card,Completed,3,Email,Mobile
CUST10809,Ishaan Nair,27,Male,Jaipur,Rajasthan,Fashion,Backpack,ORD100080,2025-01-14,3,999,2847.15,5,290.37,Credit Card,Completed,4,Facebook,Desktop
CUST10463,Ishaan Sharma,26,Male,Mumbai,Maharashtra,Beauty,Face Serum,ORD100081,2025-07-05,1,699,699.0,0,122.5,Cash on Delivery,Completed,3,Instagram,Tablet
CUST10076,Meera Kulkarni,19,Female,Mumbai,Maharashtra,Electronics,Power Bank,ORD100082,2025-09-09,4,899,3056.6,15,663.95,UPI,Completed,4,Email,Tablet
CUST10620,Rohan Verma,57,Male,Nashik,Maharashtra,Books,Self Help Book,ORD100083,2025-09-29,3,449,1144.95,15,319.36,Net Banking,Completed,5,Google Ads,Tablet
CUST10682,Isha Singh,32,Male,Pune,Maharashtra,Beauty,Shampoo,ORD100084,2025-02-18,4,599,2036.6,15,332.37,Debit Card,Completed,4,Email,Mobile
CUST10576,Aditya Patil,23,Female,Kolkata,West Bengal,Electronics,Power Bank,ORD100085,2025-10-12,1,899,809.1,10,196.09,Debit Card,Completed,5,YouTube,Mobile
CUST10494,Isha Nair,21,Female,Delhi,Delhi,Home,Storage Box,ORD100086,2025-09-17,3,899,2427.3,10,244.48,Credit Card,Completed,5,Google Ads,Desktop
CUST10571,Arjun Jadhav,35,Female,Surat,Gujarat,Books,Data Science Book,ORD100087,2025-11-15,4,799,2556.8,20,702.89,UPI,Completed,5,Facebook,Tablet
CUST10072,Aarav Deshmukh,35,Female,Surat,Gujarat,Home,Wall Clock,ORD100088,2025-03-15,3,699,2097.0,0,243.84,Credit Card,Completed,4,YouTube,Tablet
CUST10611,Riya Gupta,42,Male,Mumbai,Maharashtra,Beauty,Perfume,ORD100089,2025-06-16,3,999,2847.15,5,438.49,UPI,Completed,5,Google Ads,Mobile
CUST10354,Aditya Verma,46,Male,Nashik,Maharashtra,Beauty,Perfume,ORD100090,2025-04-21,5,999,4245.75,15,691.36,Net Banking,Completed,3,Google Ads,Desktop
CUST10786,Riya Kulkarni,37,Female,Kolkata,West Bengal,Electronics,Smart Watch,ORD100091,2025-04-15,4,2499,7996.8,20,727.36,Credit Card,Completed,3,Email,Desktop
CUST10826,Aarav Singh,45,Male,Navi Mumbai,Maharashtra,Fashion,Jeans,ORD100092,2025-09-14,4,1299,4156.8,20,917.55,Debit Card,Completed,5,Google Ads,Desktop
CUST10118,Isha Sharma,47,Male,Surat,Gujarat,Electronics,Bluetooth Speaker,ORD100093,2025-12-30,5,1999,8495.75,15,1653.95,Net Banking,Completed,4,Google Ads,Desktop
CUST10764,Aanya Patil,45,Female,Nashik,Maharashtra,Electronics,Smart Watch,ORD100094,2025-02-10,4,2499,7996.8,20,1280.21,Debit Card,Completed,4,Instagram,Desktop
CUST10835,Aditya Mehta,58,Male,Jaipur,Rajasthan,Electronics,USB-C Hub,ORD100095,2025-06-28,5,1299,6170.25,5,1611.57,Credit Card,Completed,5,Instagram,Mobile
CUST10698,Kabir Deshmukh,56,Female,Nashik,Maharashtra,Fashion,T-Shirt,ORD100096,2025-10-16,2,599,1018.3,15,175.95,Cash on Delivery,Completed,4,YouTube,Tablet
CUST10076,Ananya Deshmukh,46,Female,Chennai,Tamil Nadu,Electronics,Power Bank,ORD100097,2025-10-30,4,899,3236.4,10,774.36,Debit Card,Completed,5,Organic Search,Desktop
CUST10918,Aanya Nair,36,Male,Mumbai,Maharashtra,Electronics,Wireless Headphones,ORD100098,2025-08-25,5,1499,5996.0,20,1087.76,UPI,Completed,5,Organic Search,Tablet
CUST10517,Ananya Shah,48,Male,Kolkata,West Bengal,Books,Data Science Book,ORD100099,2025-06-25,1,799,679.15,15,68.39,Credit Card,Returned,1,Google Ads,Mobile
CUST10696,Meera Mehta,51,Female,Ahmedabad,Gujarat,Books,Data Science Book,ORD100100,2025-07-18,3,799,2157.3,10,568.64,Cash on Delivery,Completed,4,Google Ads,Tablet
CUST10342,Aditya Joshi,24,Female,Kolkata,West Bengal,Books,Business Book,ORD100101,2025-12-03,3,599,1617.3,10,363.48,UPI,Returned,2,Facebook,Tablet
CUST10833,Siddharth Kulkarni,60,Female,Nashik,Maharashtra,Beauty,Moisturizer,ORD100102,2025-07-12,5,499,2495.0,0,354.08,Credit Card,Completed,4,YouTube,Tablet
CUST10197,Isha Mehta,41,Male,Surat,Gujarat,Electronics,Bluetooth Speaker,ORD100103,2025-06-24,3,1999,5697.15,5,1539.56,Credit Card,Cancelled,4,Instagram,Mobile
CUST10852,Arjun Mehta,52,Female,Pune,Maharashtra,Books,Novel,ORD100104,2025-07-12,3,399,957.6,20,101.71,Cash on Delivery,Completed,3,Instagram,Tablet
CUST10926,Isha Joshi,33,Male,Bengaluru,Karnataka,Beauty,Face Serum,ORD100105,2025-05-03,3,699,1782.45,15,226.02,Credit Card,Completed,4,Email,Tablet
CUST10894,Meera Jadhav,36,Female,Chennai,Tamil Nadu,Beauty,Face Serum,ORD100106,2025-04-13,5,699,2970.75,15,811.77,Debit Card,Completed,3,Google Ads,Tablet
CUST10151,Sara Reddy,24,Female,Bengaluru,Karnataka,Books,Novel,ORD100107,2025-05-20,3,399,1197.0,0,278.45,Net Banking,Completed,5,Google Ads,Mobile
CUST10230,Aanya Reddy,19,Female,Surat,Gujarat,Beauty,Face Wash,ORD100108,2025-07-17,4,349,1116.8,20,172.87,UPI,Returned,3,Email,Mobile
CUST10263,Rohan Deshmukh,20,Female,Surat,Gujarat,Home,Cushion Set,ORD100109,2025-01-03,2,599,1018.3,15,172.83,Credit Card,Cancelled,1,Instagram,Tablet
CUST10065,Arjun Jadhav,36,Female,Ahmedabad,Gujarat,Fashion,Sneakers,ORD100110,2025-11-24,1,2199,2199.0,0,280.79,UPI,Completed,4,Organic Search,Tablet
CUST10681,Riya Shah,33,Male,Hyderabad,Telangana,Fashion,Sneakers,ORD100111,2025-05-04,4,2199,8796.0,0,1785.25,UPI,Completed,3,Facebook,Desktop
CUST10247,Diya Nair,48,Male,Pune,Maharashtra,Electronics,Power Bank,ORD100112,2025-07-02,3,899,2427.3,10,556.98,UPI,Completed,4,Facebook,Tablet
CUST10065,Rohan Sharma,40,Female,Jaipur,Rajasthan,Books,Python Book,ORD100113,2025-09-03,2,699,1188.3,15,328.17,Net Banking,Completed,3,Google Ads,Desktop
CUST10772,Kabir Reddy,20,Male,Nagpur,Maharashtra,Home,Wall Clock,ORD100114,2025-10-06,5,699,2970.75,15,825.35,Credit Card,Completed,3,Email,Desktop
CUST10509,Ananya Verma,25,Male,Surat,Gujarat,Home,Cushion Set,ORD100115,2025-07-17,4,599,2036.6,15,527.33,Net Banking,Completed,3,Email,Tablet
CUST10314,Isha Patil,45,Male,Thane,Maharashtra,Books,Data Science Book,ORD100116,2025-02-10,5,799,3595.5,10,518.62,Net Banking,Completed,4,Facebook,Tablet
CUST10416,Meera Joshi,46,Male,Delhi,Delhi,Electronics,Bluetooth Speaker,ORD100117,2025-01-30,5,1999,8495.75,15,1146.17,Debit Card,Completed,5,Facebook,Tablet
CUST10973,Aarav Deshmukh,56,Male,Kolkata,West Bengal,Beauty,Face Wash,ORD100118,2025-11-27,2,349,698.0,0,88.78,Cash on Delivery,Completed,4,Google Ads,Tablet
CUST10984,Aanya Joshi,46,Female,Nashik,Maharashtra,Electronics,USB-C Hub,ORD100119,2025-06-10,2,1299,2078.4,20,318.81,UPI,Completed,3,Google Ads,Tablet
CUST10205,Riya Khan,53,Female,Nashik,Maharashtra,Electronics,Bluetooth Speaker,ORD100120,2025-11-10,3,1999,5097.45,15,626.55,UPI,Completed,4,Instagram,Mobile
CUST10727,Meera Patil,38,Male,Bengaluru,Karnataka,Home,Table Lamp,ORD100121,2025-06-03,5,799,3196.0,20,441.28,Credit Card,Completed,5,Email,Tablet
CUST10133,Kabir Jadhav,26,Male,Nagpur,Maharashtra,Fashion,Jacket,ORD100122,2025-07-08,1,1899,1709.1,10,326.1,Cash on Delivery,Completed,5,Google Ads,Mobile
CUST10697,Priya Mehta,44,Female,Thane,Maharashtra,Beauty,Face Serum,ORD100123,2025-11-25,1,699,664.05,5,182.27,Cash on Delivery,Completed,4,Email,Mobile
CUST10231,Rohan Khan,50,Male,Indore,Madhya Pradesh,Electronics,Wireless Headphones,ORD100124,2025-03-24,5,1499,7120.25,5,1002.71,Debit Card,Completed,5,Facebook,Desktop
CUST10607,Ishaan Gupta,58,Male,Surat,Gujarat,Books,Python Book,ORD100125,2025-02-17,2,699,1258.2,10,255.27,Cash on Delivery,Completed,3,Instagram,Mobile
CUST10032,Kiara Sharma,19,Female,Kolkata,West Bengal,Electronics,Wireless Headphones,ORD100126,2025-10-20,5,1499,6745.5,10,1418.08,Net Banking,Completed,5,YouTube,Tablet
CUST10349,Priya Gupta,43,Female,Thane,Maharashtra,Home,Cushion Set,ORD100127,2025-08-01,1,599,599.0,0,66.86,Cash on Delivery,Completed,3,Instagram,Desktop
CUST10254,Aanya Khan,26,Female,Surat,Gujarat,Home,Storage Box,ORD100128,2025-08-27,5,899,4495.0,0,646.49,Credit Card,Completed,4,Google Ads,Mobile
CUST10479,Nisha Khan,33,Female,Thane,Maharashtra,Fashion,Sneakers,ORD100129,2025-03-23,5,2199,9895.5,10,1167.34,Net Banking,Completed,5,Email,Desktop
CUST10689,Diya Mehta,47,Male,Mumbai,Maharashtra,Fashion,Jeans,ORD100130,2025-05-25,5,1299,5845.5,10,524.53,Net Banking,Completed,5,Email,Tablet
CUST10567,Isha Deshmukh,34,Male,Mumbai,Maharashtra,Home,Cushion Set,ORD100131,2025-10-19,3,599,1797.0,0,287.73,Debit Card,Completed,4,Google Ads,Desktop
CUST10774,Sara Verma,57,Female,Hyderabad,Telangana,Books,Novel,ORD100132,2025-06-23,2,399,798.0,0,126.71,Credit Card,Completed,4,Instagram,Tablet
CUST10144,Riya Sharma,20,Female,Hyderabad,Telangana,Electronics,Smart Watch,ORD100133,2025-03-18,3,2499,6372.45,15,1171.68,Debit Card,Completed,5,Facebook,Desktop
CUST10836,Nisha Pawar,37,Female,Nashik,Maharashtra,Books,Python Book,ORD100134,2025-12-29,5,699,2796.0,20,521.36,UPI,Completed,4,Email,Desktop
CUST10053,Isha Shah,37,Male,Kolkata,West Bengal,Electronics,USB-C Hub,ORD100135,2025-10-24,4,1299,4676.4,10,1278.59,Cash on Delivery,Completed,5,Organic Search,Mobile
CUST10708,Rohan Nair,33,Female,Hyderabad,Telangana,Electronics,USB-C Hub,ORD100136,2025-06-10,1,1299,1234.05,5,103.4,Credit Card,Completed,4,Organic Search,Tablet
CUST10980,Vivaan Pawar,26,Female,Jaipur,Rajasthan,Books,Data Science Book,ORD100137,2025-09-02,5,799,3595.5,10,1005.39,Credit Card,Completed,4,Organic Search,Tablet
CUST10213,Ishaan Shah,48,Female,Navi Mumbai,Maharashtra,Fashion,Jeans,ORD100138,2025-06-02,3,1299,3117.6,20,435.53,Net Banking,Completed,5,Email,Desktop
CUST10979,Siddharth Patil,54,Female,Navi Mumbai,Maharashtra,Books,Business Book,ORD100139,2025-03-16,4,599,2156.4,10,584.22,UPI,Completed,4,Email,Desktop
CUST10249,Priya Gupta,30,Female,Kolkata,West Bengal,Books,Python Book,ORD100140,2025-11-12,5,699,3145.5,10,338.0,UPI,Completed,3,YouTube,Tablet
CUST10417,Vivaan Patil,44,Male,Nagpur,Maharashtra,Home,Cushion Set,ORD100141,2025-10-09,1,599,569.05,5,46.11,Net Banking,Returned,2,Organic Search,Tablet
CUST10428,Ananya Verma,59,Female,Nagpur,Maharashtra,Electronics,Wireless Headphones,ORD100142,2025-01-20,5,1499,7120.25,5,1331.7,Credit Card,Cancelled,2,Google Ads,Desktop
CUST10557,Rahul Reddy,36,Female,Jaipur,Rajasthan,Electronics,Wireless Headphones,ORD100143,2025-06-21,3,1499,3597.6,20,721.52,Cash on Delivery,Completed,5,Organic Search,Mobile
CUST10582,Ishaan Gupta,25,Female,Surat,Gujarat,Home,Bedsheet,ORD100144,2025-01-08,4,1199,4316.4,10,965.66,Credit Card,Completed,4,Instagram,Tablet
CUST10007,Isha Mehta,38,Female,Surat,Gujarat,Electronics,Power Bank,ORD100145,2025-09-02,1,899,854.05,5,236.01,Debit Card,Completed,3,Organic Search,Mobile
CUST10315,Ananya Verma,55,Female,Bengaluru,Karnataka,Books,Novel,ORD100146,2025-02-01,3,399,1077.3,10,235.45,Credit Card,Completed,4,Organic Search,Tablet
CUST10621,Arjun Kulkarni,36,Female,Hyderabad,Telangana,Home,Storage Box,ORD100147,2025-09-02,2,899,1708.1,5,463.7,Debit Card,Completed,5,Organic Search,Tablet
CUST10940,Sara Jadhav,60,Female,Hyderabad,Telangana,Fashion,Jeans,ORD100148,2025-09-28,5,1299,6495.0,0,1202.23,Cash on Delivery,Completed,3,Google Ads,Mobile
CUST10094,Kiara Mehta,27,Male,Surat,Gujarat,Fashion,Sneakers,ORD100149,2025-04-16,5,2199,9345.75,15,964.93,Cash on Delivery,Completed,4,Organic Search,Mobile
CUST10261,Riya Khan,47,Male,Bengaluru,Karnataka,Books,Novel,ORD100150,2025-06-07,5,399,1695.75,15,363.83,UPI,Completed,4,YouTube,Mobile
CUST10185,Vivaan Khan,40,Male,Chennai,Tamil Nadu,Electronics,USB-C Hub,ORD100151,2025-08-30,1,1299,1299.0,0,360.12,Credit Card,Completed,4,YouTube,Tablet
CUST10670,Aanya Reddy,42,Female,Kolkata,West Bengal,Beauty,Perfume,ORD100152,2025-12-05,4,999,3996.0,0,865.32,Debit Card,Completed,3,Google Ads,Mobile
CUST10844,Riya Deshmukh,32,Female,Hyderabad,Telangana,Electronics,Wireless Headphones,ORD100153,2025-10-06,3,1499,3822.45,15,820.68,Credit Card,Completed,4,Instagram,Desktop
CUST10458,Ishaan Gupta,25,Male,Navi Mumbai,Maharashtra,Electronics,Power Bank,ORD100154,2025-02-04,5,899,4495.0,0,575.96,Cash on Delivery,Completed,3,YouTube,Tablet
CUST10240,Aryan Pawar,20,Male,Surat,Gujarat,Beauty,Perfume,ORD100155,2025-01-29,2,999,1598.4,20,197.33,Cash on Delivery,Completed,4,Email,Tablet
CUST10642,Aryan Verma,27,Female,Chennai,Tamil Nadu,Books,Data Science Book,ORD100156,2025-10-13,4,799,2876.4,10,388.4,Net Banking,Cancelled,2,Facebook,Desktop
CUST10247,Diya Jadhav,51,Female,Mumbai,Maharashtra,Home,Cushion Set,ORD100157,2025-04-05,4,599,2276.2,5,318.62,Credit Card,Completed,4,Email,Tablet
CUST10081,Vivaan Mehta,44,Female,Nashik,Maharashtra,Beauty,Face Serum,ORD100158,2025-05-11,5,699,3320.25,5,523.55,Net Banking,Completed,5,Email,Mobile
CUST10223,Vivaan Verma,42,Male,Hyderabad,Telangana,Books,Self Help Book,ORD100159,2025-10-28,1,449,449.0,0,52.82,Net Banking,Completed,5,Instagram,Desktop
CUST10795,Kabir Reddy,30,Male,Thane,Maharashtra,Electronics,Power Bank,ORD100160,2025-07-23,2,899,1438.4,20,317.53,Debit Card,Cancelled,3,Organic Search,Desktop
CUST10937,Siddharth Verma,41,Female,Hyderabad,Telangana,Books,Business Book,ORD100161,2025-08-29,4,599,2396.0,0,576.39,Credit Card,Completed,4,Email,Desktop
CUST10157,Kiara Nair,32,Male,Delhi,Delhi,Fashion,T-Shirt,ORD100162,2025-10-24,3,599,1437.6,20,383.77,Credit Card,Completed,4,Email,Mobile
CUST10560,Priya Mehta,59,Male,Delhi,Delhi,Home,Wall Clock,ORD100163,2025-06-30,4,699,2376.6,15,409.17,Net Banking,Completed,5,Instagram,Tablet
CUST10010,Riya Sharma,22,Male,Kolkata,West Bengal,Electronics,Wireless Headphones,ORD100164,2025-04-29,4,1499,5696.2,5,1415.56,Credit Card,Completed,3,Facebook,Desktop
CUST10543,Nisha Kulkarni,60,Male,Navi Mumbai,Maharashtra,Books,Business Book,ORD100165,2025-10-10,4,599,2396.0,0,194.85,Debit Card,Completed,3,Facebook,Desktop
CUST10815,Rahul Patil,24,Female,Mumbai,Maharashtra,Books,Data Science Book,ORD100166,2025-05-10,2,799,1518.1,5,309.63,Net Banking,Completed,4,Google Ads,Desktop
CUST10653,Kiara Gupta,32,Female,Delhi,Delhi,Home,Table Lamp,ORD100167,2025-07-13,1,799,799.0,0,128.68,UPI,Completed,3,YouTube,Mobile
CUST10278,Isha Kulkarni,39,Female,Pune,Maharashtra,Books,Novel,ORD100168,2025-12-21,5,399,1995.0,0,251.28,UPI,Cancelled,4,Google Ads,Tablet
CUST10841,Sara Shah,60,Female,Indore,Madhya Pradesh,Electronics,Smart Watch,ORD100169,2025-10-28,3,2499,7497.0,0,2041.39,Net Banking,Completed,5,Google Ads,Desktop
CUST10764,Kiara Nair,42,Male,Nashik,Maharashtra,Books,Python Book,ORD100170,2025-12-19,4,699,2656.2,5,632.44,Debit Card,Completed,5,Google Ads,Mobile
CUST10503,Aditya Joshi,56,Male,Delhi,Delhi,Books,Self Help Book,ORD100171,2025-05-20,4,449,1616.4,10,138.89,Credit Card,Completed,4,Email,Tablet
CUST10390,Rahul Kulkarni,55,Female,Delhi,Delhi,Beauty,Face Wash,ORD100172,2025-02-07,5,349,1570.5,10,376.31,Credit Card,Completed,3,YouTube,Desktop
CUST10571,Arjun Patil,18,Female,Navi Mumbai,Maharashtra,Home,Cushion Set,ORD100173,2025-02-14,3,599,1617.3,10,162.45,Cash on Delivery,Completed,4,Facebook,Desktop
CUST10798,Aditya Joshi,53,Male,Pune,Maharashtra,Electronics,USB-C Hub,ORD100174,2025-01-07,5,1299,5845.5,10,1477.41,UPI,Completed,4,YouTube,Tablet
CUST10446,Kiara Mehta,28,Male,Indore,Madhya Pradesh,Beauty,Moisturizer,ORD100175,2025-09-10,2,499,898.2,10,125.95,Debit Card,Completed,3,Organic Search,Desktop
CUST10341,Aanya Verma,33,Male,Bengaluru,Karnataka,Beauty,Face Serum,ORD100176,2025-03-11,5,699,3320.25,5,569.66,Cash on Delivery,Completed,4,Organic Search,Desktop
CUST10182,Isha Nair,59,Female,Bengaluru,Karnataka,Books,Data Science Book,ORD100177,2025-12-22,3,799,2157.3,10,432.85,Net Banking,Completed,4,Email,Desktop
CUST10185,Kiara Jadhav,33,Female,Ahmedabad,Gujarat,Home,Cushion Set,ORD100178,2025-10-16,3,599,1527.45,15,233.7,Cash on Delivery,Completed,5,Google Ads,Tablet
CUST10733,Meera Jadhav,36,Male,Bengaluru,Karnataka,Electronics,Power Bank,ORD100179,2025-05-04,4,899,3416.2,5,706.02,Net Banking,Completed,3,Organic Search,Mobile
CUST10609,Kiara Khan,52,Female,Bengaluru,Karnataka,Books,Business Book,ORD100180,2025-07-04,5,599,2995.0,0,713.24,UPI,Completed,5,Google Ads,Mobile
CUST10265,Rahul Kulkarni,57,Female,Kolkata,West Bengal,Electronics,USB-C Hub,ORD100181,2025-08-09,4,1299,4676.4,10,1277.33,Credit Card,Completed,3,Facebook,Tablet
CUST10426,Meera Joshi,43,Male,Hyderabad,Telangana,Beauty,Face Serum,ORD100182,2025-01-13,5,699,3320.25,5,494.7,UPI,Completed,4,Google Ads,Tablet
CUST10327,Siddharth Joshi,47,Female,Nashik,Maharashtra,Fashion,Backpack,ORD100183,2025-08-13,4,999,3596.4,10,630.21,UPI,Completed,4,Email,Mobile
CUST10982,Aarav Nair,39,Male,Jaipur,Rajasthan,Electronics,Smart Watch,ORD100184,2025-03-23,2,2499,3998.4,20,459.38,Net Banking,Completed,4,Instagram,Desktop
CUST10005,Rahul Kulkarni,60,Male,Kolkata,West Bengal,Beauty,Perfume,ORD100185,2025-08-19,1,999,799.2,20,205.09,Credit Card,Completed,4,Instagram,Desktop
CUST10541,Kiara Patil,52,Male,Jaipur,Rajasthan,Fashion,Sneakers,ORD100186,2025-05-15,3,2199,6267.15,5,1074.88,Debit Card,Completed,4,Facebook,Desktop
CUST10605,Kiara Patil,40,Female,Chennai,Tamil Nadu,Home,Cushion Set,ORD100187,2025-12-28,5,599,2845.25,5,690.68,UPI,Completed,5,YouTube,Mobile
CUST10434,Aryan Verma,25,Male,Navi Mumbai,Maharashtra,Fashion,Sneakers,ORD100188,2025-11-02,2,2199,3518.4,20,554.83,Credit Card,Completed,4,Organic Search,Tablet
CUST10975,Sara Deshmukh,49,Male,Hyderabad,Telangana,Home,Bedsheet,ORD100189,2025-11-14,2,1199,2158.2,10,536.09,UPI,Completed,4,Organic Search,Mobile
CUST10579,Sara Mehta,59,Female,Nagpur,Maharashtra,Beauty,Perfume,ORD100190,2025-08-16,4,999,3396.6,15,754.14,UPI,Completed,3,Instagram,Desktop
CUST10794,Aryan Mehta,36,Female,Mumbai,Maharashtra,Fashion,Jacket,ORD100191,2025-02-27,5,1899,8070.75,15,1533.0,Cash on Delivery,Completed,4,Email,Tablet
CUST10883,Meera Mehta,31,Male,Surat,Gujarat,Beauty,Face Wash,ORD100192,2025-01-17,2,349,628.2,10,160.17,UPI,Completed,4,Organic Search,Mobile
CUST10584,Kabir Jadhav,55,Male,Jaipur,Rajasthan,Home,Storage Box,ORD100193,2025-04-16,4,899,3416.2,5,694.28,Debit Card,Completed,3,Facebook,Desktop
CUST10986,Ananya Pawar,36,Male,Chennai,Tamil Nadu,Home,Storage Box,ORD100194,2025-12-14,3,899,2157.6,20,597.87,Net Banking,Completed,3,Google Ads,Desktop
CUST10385,Rohan Gupta,27,Male,Surat,Gujarat,Home,Bedsheet,ORD100195,2025-11-20,4,1199,4076.6,15,442.04,Net Banking,Completed,4,Google Ads,Tablet
CUST10651,Diya Mehta,35,Male,Jaipur,Rajasthan,Home,Cushion Set,ORD100196,2025-02-17,4,599,2156.4,10,423.5,Debit Card,Completed,4,Google Ads,Tablet
CUST10808,Isha Nair,31,Male,Delhi,Delhi,Beauty,Shampoo,ORD100197,2025-10-23,3,599,1617.3,10,238.63,Debit Card,Completed,4,YouTube,Mobile
CUST10932,Meera Sharma,25,Male,Mumbai,Maharashtra,Fashion,Jacket,ORD100198,2025-08-08,4,1899,7596.0,0,2114.48,Credit Card,Completed,5,YouTube,Desktop
CUST10774,Aditya Kulkarni,41,Female,Nashik,Maharashtra,Home,Table Lamp,ORD100199,2025-11-17,3,799,2277.15,5,205.76,Credit Card,Completed,5,Organic Search,Tablet
CUST10352,Aarav Gupta,48,Male,Pune,Maharashtra,Electronics,Smart Watch,ORD100200,2025-08-16,5,2499,11870.25,5,2182.81,UPI,Completed,5,Organic Search,Tablet
CUST10657,Aditya Gupta,42,Female,Nashik,Maharashtra,Electronics,Wireless Headphones,ORD100201,2025-06-03,1,1499,1349.1,10,207.1,Credit Card,Completed,3,Google Ads,Tablet
CUST10089,Nisha Kulkarni,28,Male,Chennai,Tamil Nadu,Beauty,Shampoo,ORD100202,2025-11-12,2,599,1138.1,5,300.43,UPI,Completed,3,Instagram,Mobile
CUST10292,Aanya Khan,38,Female,Chennai,Tamil Nadu,Fashion,Jeans,ORD100203,2025-11-04,3,1299,3897.0,0,505.18,UPI,Completed,5,YouTube,Desktop
CUST10541,Diya Verma,59,Male,Nagpur,Maharashtra,Electronics,Smart Watch,ORD100204,2025-09-13,4,2499,8496.6,15,871.32,UPI,Completed,3,Email,Desktop
CUST10041,Kiara Khan,41,Female,Nashik,Maharashtra,Books,Data Science Book,ORD100205,2025-02-04,4,799,3196.0,0,266.35,UPI,Completed,3,Organic Search,Tablet
CUST10944,Isha Pawar,43,Female,Thane,Maharashtra,Electronics,USB-C Hub,ORD100206,2025-02-12,5,1299,5196.0,20,574.35,Credit Card,Completed,5,Instagram,Tablet
CUST10465,Kiara Kulkarni,59,Female,Navi Mumbai,Maharashtra,Electronics,Bluetooth Speaker,ORD100207,2025-02-14,4,1999,7596.2,5,695.67,Cash on Delivery,Cancelled,1,Facebook,Mobile
CUST10768,Arjun Sharma,26,Male,Thane,Maharashtra,Electronics,Smart Watch,ORD100208,2025-05-13,4,2499,8996.4,10,1660.75,Debit Card,Completed,3,YouTube,Mobile
CUST10467,Ananya Jadhav,45,Male,Jaipur,Rajasthan,Home,Storage Box,ORD100209,2025-10-23,1,899,809.1,10,180.0,Cash on Delivery,Completed,4,Email,Mobile
CUST10251,Aanya Deshmukh,34,Male,Bengaluru,Karnataka,Electronics,USB-C Hub,ORD100210,2025-01-02,1,1299,1234.05,5,281.56,UPI,Completed,3,Organic Search,Desktop
CUST10586,Rahul Reddy,20,Male,Delhi,Delhi,Books,Business Book,ORD100211,2025-06-13,2,599,1078.2,10,139.79,Debit Card,Completed,3,Google Ads,Tablet
CUST10468,Rahul Gupta,51,Male,Kolkata,West Bengal,Electronics,Power Bank,ORD100212,2025-06-09,1,899,764.15,15,193.49,UPI,Completed,5,Email,Mobile
CUST10155,Nisha Gupta,47,Female,Thane,Maharashtra,Home,Storage Box,ORD100213,2025-10-07,4,899,3416.2,5,773.74,UPI,Completed,3,Organic Search,Mobile
CUST10996,Aarav Joshi,18,Female,Nagpur,Maharashtra,Beauty,Shampoo,ORD100214,2025-05-02,1,599,569.05,5,105.82,Credit Card,Completed,3,YouTube,Desktop
CUST10077,Aryan Reddy,51,Male,Pune,Maharashtra,Beauty,Shampoo,ORD100215,2025-09-16,4,599,2396.0,0,469.99,Cash on Delivery,Completed,4,Facebook,Mobile
CUST10140,Aryan Verma,34,Male,Delhi,Delhi,Home,Cushion Set,ORD100216,2025-04-30,3,599,1617.3,10,275.83,Cash on Delivery,Completed,3,Google Ads,Mobile
CUST10272,Meera Singh,38,Male,Pune,Maharashtra,Beauty,Face Wash,ORD100217,2025-04-17,5,349,1570.5,10,428.63,UPI,Completed,4,Google Ads,Mobile
CUST10307,Nisha Sharma,31,Female,Jaipur,Rajasthan,Home,Bedsheet,ORD100218,2025-07-22,1,1199,1139.05,5,311.74,Debit Card,Completed,5,Instagram,Mobile
CUST10851,Sara Pawar,53,Female,Delhi,Delhi,Fashion,T-Shirt,ORD100219,2025-03-13,4,599,2396.0,0,576.91,Credit Card,Completed,3,Instagram,Mobile
CUST10203,Aanya Kulkarni,58,Female,Surat,Gujarat,Electronics,USB-C Hub,ORD100220,2025-02-08,5,1299,5845.5,10,1540.21,Net Banking,Completed,3,Instagram,Mobile
CUST10700,Arjun Sharma,47,Female,Indore,Madhya Pradesh,Electronics,Smart Watch,ORD100221,2025-07-22,5,2499,10620.75,15,2595.04,Net Banking,Completed,4,Instagram,Desktop
CUST10904,Ishaan Verma,46,Male,Nagpur,Maharashtra,Fashion,T-Shirt,ORD100222,2025-11-28,5,599,2396.0,20,487.34,Cash on Delivery,Completed,4,Organic Search,Mobile
CUST10492,Diya Deshmukh,44,Female,Pune,Maharashtra,Fashion,Backpack,ORD100223,2025-07-15,2,999,1598.4,20,381.97,Cash on Delivery,Completed,4,Organic Search,Desktop
CUST10543,Diya Verma,29,Female,Indore,Madhya Pradesh,Electronics,Bluetooth Speaker,ORD100224,2025-05-24,5,1999,9495.25,5,815.27,Debit Card,Completed,4,Facebook,Mobile
CUST10181,Aryan Kulkarni,33,Male,Nashik,Maharashtra,Home,Storage Box,ORD100225,2025-07-18,1,899,854.05,5,166.66,Credit Card,Completed,3,Facebook,Desktop
CUST10503,Kiara Sharma,40,Female,Jaipur,Rajasthan,Books,Self Help Book,ORD100226,2025-09-10,2,449,718.4,20,193.73,UPI,Completed,3,Google Ads,Mobile
CUST10061,Aarav Mehta,48,Male,Nagpur,Maharashtra,Electronics,Bluetooth Speaker,ORD100227,2025-06-24,5,1999,9495.25,5,2291.1,UPI,Completed,4,Instagram,Tablet
CUST10162,Arjun Nair,51,Male,Ahmedabad,Gujarat,Home,Table Lamp,ORD100228,2025-06-22,3,799,2037.45,15,401.79,Net Banking,Completed,3,YouTube,Desktop
CUST10302,Rahul Pawar,53,Female,Kolkata,West Bengal,Books,Python Book,ORD100229,2025-07-13,2,699,1118.4,20,271.65,Credit Card,Completed,5,Instagram,Tablet
CUST10340,Kiara Sharma,29,Female,Mumbai,Maharashtra,Books,Python Book,ORD100230,2025-02-23,5,699,3320.25,5,690.38,UPI,Cancelled,2,Instagram,Desktop
CUST10806,Aditya Nair,60,Male,Navi Mumbai,Maharashtra,Home,Cushion Set,ORD100231,2025-12-21,1,599,539.1,10,65.74,UPI,Completed,4,YouTube,Mobile
CUST10808,Meera Pawar,44,Female,Mumbai,Maharashtra,Fashion,Jacket,ORD100232,2025-07-12,4,1899,6456.6,15,970.08,Cash on Delivery,Completed,4,YouTube,Tablet
CUST10165,Meera Patil,20,Male,Nagpur,Maharashtra,Home,Table Lamp,ORD100233,2025-02-07,3,799,2157.3,10,583.19,UPI,Completed,4,Facebook,Mobile
CUST10420,Aarav Khan,59,Female,Navi Mumbai,Maharashtra,Fashion,Backpack,ORD100234,2025-06-19,4,999,3796.2,5,344.36,Cash on Delivery,Completed,3,YouTube,Tablet
CUST10004,Siddharth Verma,33,Female,Hyderabad,Telangana,Electronics,Wireless Headphones,ORD100235,2025-09-09,4,1499,4796.8,20,911.07,Net Banking,Completed,4,Google Ads,Desktop
CUST10483,Kabir Patil,19,Female,Surat,Gujarat,Fashion,Jeans,ORD100236,2025-03-01,3,1299,3897.0,0,680.86,Net Banking,Completed,4,YouTube,Desktop
CUST10578,Rahul Joshi,42,Female,Pune,Maharashtra,Home,Bedsheet,ORD100237,2025-08-27,4,1199,4796.0,0,636.23,UPI,Completed,4,Instagram,Tablet
CUST10989,Aditya Kulkarni,40,Male,Kolkata,West Bengal,Books,Business Book,ORD100238,2025-07-18,5,599,2845.25,5,542.65,Cash on Delivery,Completed,4,YouTube,Desktop
CUST10151,Priya Verma,23,Male,Chennai,Tamil Nadu,Beauty,Face Wash,ORD100239,2025-10-20,5,349,1396.0,20,363.09,UPI,Completed,5,Organic Search,Mobile
CUST10265,Kabir Deshmukh,20,Male,Nashik,Maharashtra,Beauty,Face Wash,ORD100240,2025-11-18,4,349,1326.2,5,370.61,Debit Card,Completed,5,YouTube,Mobile
CUST10602,Sara Khan,53,Female,Pune,Maharashtra,Home,Wall Clock,ORD100241,2025-01-07,5,699,2970.75,15,782.59,Cash on Delivery,Completed,5,Organic Search,Mobile
CUST10899,Rohan Shah,55,Male,Delhi,Delhi,Books,Novel,ORD100242,2025-05-27,1,399,319.2,20,75.3,Net Banking,Completed,4,Email,Desktop
CUST10040,Kiara Shah,48,Female,Kolkata,West Bengal,Electronics,Smart Watch,ORD100243,2025-11-08,3,2499,6372.45,15,693.13,Net Banking,Completed,4,Email,Tablet
CUST10101,Priya Reddy,35,Male,Nagpur,Maharashtra,Home,Table Lamp,ORD100244,2025-09-09,3,799,2157.3,10,306.75,Credit Card,Completed,5,Instagram,Desktop
CUST10889,Ananya Verma,44,Female,Ahmedabad,Gujarat,Books,Novel,ORD100245,2025-07-28,2,399,678.3,15,82.94,Debit Card,Completed,5,Google Ads,Tablet
CUST10858,Aditya Verma,50,Male,Jaipur,Rajasthan,Beauty,Moisturizer,ORD100246,2025-04-09,5,499,1996.0,20,171.24,UPI,Completed,3,Instagram,Mobile
CUST10382,Aanya Pawar,30,Male,Bengaluru,Karnataka,Home,Wall Clock,ORD100247,2025-03-05,4,699,2236.8,20,356.52,Net Banking,Completed,3,Facebook,Desktop
CUST10799,Kiara Mehta,40,Female,Nashik,Maharashtra,Home,Bedsheet,ORD100248,2025-07-17,3,1199,3597.0,0,492.84,Credit Card,Completed,5,Instagram,Tablet
CUST10230,Ishaan Kulkarni,44,Male,Nagpur,Maharashtra,Books,Novel,ORD100249,2025-11-28,1,399,339.15,15,88.96,Debit Card,Completed,3,Facebook,Desktop
CUST10407,Isha Reddy,42,Female,Ahmedabad,Gujarat,Home,Cushion Set,ORD100250,2025-12-13,3,599,1707.15,5,295.92,Cash on Delivery,Completed,5,Google Ads,Mobile
CUST10883,Sara Kulkarni,56,Female,Hyderabad,Telangana,Books,Python Book,ORD100251,2025-06-22,3,699,2097.0,0,369.8,Debit Card,Returned,3,Email,Tablet
CUST10672,Kabir Deshmukh,51,Female,Ahmedabad,Gujarat,Fashion,T-Shirt,ORD100252,2025-12-15,5,599,2545.75,15,539.97,Net Banking,Completed,3,Email,Desktop
CUST10804,Diya Khan,20,Female,Indore,Madhya Pradesh,Books,Self Help Book,ORD100253,2025-04-24,2,449,808.2,10,182.1,Net Banking,Completed,5,YouTube,Desktop
CUST10782,Rahul Nair,60,Female,Hyderabad,Telangana,Books,Data Science Book,ORD100254,2025-05-13,3,799,2397.0,0,417.45,Credit Card,Completed,5,YouTube,Desktop
CUST10482,Aryan Joshi,32,Male,Kolkata,West Bengal,Home,Cushion Set,ORD100255,2025-05-31,3,599,1617.3,10,213.66,UPI,Completed,3,YouTube,Tablet
CUST10141,Priya Reddy,30,Male,Chennai,Tamil Nadu,Books,Novel,ORD100256,2025-01-28,4,399,1276.8,20,178.33,Credit Card,Completed,3,Email,Desktop
CUST10215,Rohan Joshi,29,Female,Chennai,Tamil Nadu,Electronics,Power Bank,ORD100257,2025-01-30,3,899,2562.15,5,365.57,Credit Card,Completed,4,Facebook,Mobile
CUST10383,Rohan Shah,45,Male,Bengaluru,Karnataka,Beauty,Perfume,ORD100258,2025-01-20,4,999,3396.6,15,532.12,UPI,Completed,5,Email,Tablet
CUST10067,Aarav Kulkarni,33,Male,Nagpur,Maharashtra,Fashion,Sneakers,ORD100259,2025-09-15,3,2199,6267.15,5,630.11,UPI,Completed,3,Email,Desktop
CUST10745,Isha Reddy,26,Female,Bengaluru,Karnataka,Home,Cushion Set,ORD100260,2025-07-26,3,599,1707.15,5,192.87,Credit Card,Completed,3,Instagram,Tablet
CUST10670,Arjun Joshi,59,Male,Mumbai,Maharashtra,Electronics,Power Bank,ORD100261,2025-11-01,3,899,2157.6,20,441.5,UPI,Returned,1,Google Ads,Tablet
CUST10431,Meera Khan,25,Female,Pune,Maharashtra,Books,Python Book,ORD100262,2025-12-18,4,699,2656.2,5,321.66,UPI,Completed,4,YouTube,Tablet
CUST10205,Isha Nair,24,Male,Thane,Maharashtra,Books,Self Help Book,ORD100263,2025-02-24,1,449,404.1,10,41.54,Debit Card,Completed,5,Facebook,Mobile
CUST10929,Siddharth Deshmukh,20,Female,Navi Mumbai,Maharashtra,Books,Business Book,ORD100264,2025-01-02,2,599,1018.3,15,148.79,UPI,Completed,3,Facebook,Tablet
CUST10103,Aditya Jadhav,50,Male,Bengaluru,Karnataka,Electronics,Wireless Headphones,ORD100265,2025-06-01,3,1499,4272.15,5,732.03,Credit Card,Completed,3,Google Ads,Desktop
CUST10979,Isha Pawar,25,Female,Navi Mumbai,Maharashtra,Electronics,Wireless Headphones,ORD100266,2025-03-29,1,1499,1424.05,5,302.85,Cash on Delivery,Completed,4,Email,Tablet
CUST10665,Ananya Deshmukh,25,Female,Pune,Maharashtra,Beauty,Perfume,ORD100267,2025-12-20,4,999,3596.4,10,888.82,Credit Card,Completed,4,Google Ads,Mobile
CUST10030,Rahul Patil,44,Male,Ahmedabad,Gujarat,Books,Business Book,ORD100268,2025-07-14,5,599,2545.75,15,295.95,Credit Card,Completed,5,Organic Search,Desktop
CUST10979,Meera Sharma,22,Female,Pune,Maharashtra,Home,Wall Clock,ORD100269,2025-10-23,1,699,559.2,20,130.58,Debit Card,Completed,3,Facebook,Tablet
CUST10012,Isha Kulkarni,33,Male,Ahmedabad,Gujarat,Beauty,Shampoo,ORD100270,2025-10-13,4,599,2276.2,5,564.06,Credit Card,Cancelled,1,Facebook,Desktop
CUST10413,Rahul Patil,49,Female,Surat,Gujarat,Home,Bedsheet,ORD100271,2025-04-25,3,1199,3237.3,10,291.58,Credit Card,Completed,4,Google Ads,Desktop
CUST10037,Aditya Nair,49,Female,Bengaluru,Karnataka,Beauty,Shampoo,ORD100272,2025-01-10,1,599,509.15,15,116.62,Cash on Delivery,Completed,4,Facebook,Mobile
CUST10846,Nisha Shah,58,Male,Surat,Gujarat,Home,Storage Box,ORD100273,2025-08-22,5,899,4270.25,5,900.68,UPI,Returned,3,Instagram,Desktop
CUST10561,Aanya Pawar,46,Female,Navi Mumbai,Maharashtra,Electronics,Wireless Headphones,ORD100274,2025-11-21,2,1499,2998.0,0,444.52,Cash on Delivery,Returned,3,Email,Tablet
CUST10221,Rahul Singh,26,Male,Pune,Maharashtra,Beauty,Face Wash,ORD100275,2025-03-03,3,349,837.6,20,99.83,Net Banking,Cancelled,4,Instagram,Tablet
CUST10005,Isha Sharma,58,Male,Navi Mumbai,Maharashtra,Books,Novel,ORD100276,2025-09-16,4,399,1356.6,15,287.18,Cash on Delivery,Completed,4,YouTube,Mobile
CUST10517,Kiara Singh,50,Female,Hyderabad,Telangana,Fashion,Backpack,ORD100277,2025-12-03,2,999,1898.1,5,191.16,Net Banking,Completed,4,Organic Search,Tablet
CUST10864,Ishaan Khan,39,Male,Indore,Madhya Pradesh,Home,Cushion Set,ORD100278,2025-12-25,2,599,1138.1,5,185.0,Cash on Delivery,Cancelled,3,Email,Tablet
CUST10119,Kabir Gupta,57,Male,Ahmedabad,Gujarat,Home,Wall Clock,ORD100279,2025-12-22,2,699,1328.1,5,240.09,Debit Card,Completed,5,Facebook,Desktop
CUST10274,Sara Verma,45,Female,Chennai,Tamil Nadu,Electronics,USB-C Hub,ORD100280,2025-01-28,1,1299,1299.0,0,202.87,Credit Card,Completed,3,Email,Tablet
CUST10758,Vivaan Pawar,36,Male,Thane,Maharashtra,Fashion,Backpack,ORD100281,2025-02-22,1,999,899.1,10,218.31,Cash on Delivery,Completed,5,Instagram,Tablet
CUST10056,Aryan Mehta,36,Female,Kolkata,West Bengal,Electronics,Power Bank,ORD100282,2025-12-17,4,899,3056.6,15,829.38,UPI,Completed,5,YouTube,Desktop
CUST10700,Aryan Reddy,58,Female,Nagpur,Maharashtra,Home,Storage Box,ORD100283,2025-04-10,5,899,3596.0,20,428.98,UPI,Completed,3,Instagram,Mobile
CUST10727,Diya Sharma,45,Male,Ahmedabad,Gujarat,Home,Storage Box,ORD100284,2025-05-11,3,899,2562.15,5,287.44,Credit Card,Completed,4,Google Ads,Mobile
CUST10539,Nisha Sharma,58,Female,Indore,Madhya Pradesh,Books,Python Book,ORD100285,2025-02-07,4,699,2236.8,20,425.06,Credit Card,Completed,4,Instagram,Tablet
CUST10301,Isha Mehta,52,Male,Pune,Maharashtra,Beauty,Face Wash,ORD100286,2025-12-06,3,349,994.65,5,255.31,Credit Card,Completed,4,Facebook,Tablet
CUST10391,Arjun Kulkarni,40,Male,Bengaluru,Karnataka,Beauty,Moisturizer,ORD100287,2025-01-21,5,499,1996.0,20,257.02,UPI,Completed,4,Organic Search,Desktop
CUST10329,Aarav Reddy,51,Female,Hyderabad,Telangana,Home,Storage Box,ORD100288,2025-06-01,5,899,3820.75,15,677.65,Cash on Delivery,Cancelled,2,Google Ads,Mobile
CUST10794,Aditya Gupta,60,Male,Nashik,Maharashtra,Fashion,Jacket,ORD100289,2025-12-26,1,1899,1804.05,5,338.35,Net Banking,Completed,5,YouTube,Mobile
CUST10842,Aarav Singh,39,Male,Ahmedabad,Gujarat,Electronics,Wireless Headphones,ORD100290,2025-05-09,1,1499,1499.0,0,173.28,Credit Card,Completed,5,Email,Desktop
CUST10600,Diya Khan,38,Female,Delhi,Delhi,Electronics,Power Bank,ORD100291,2025-11-13,1,899,719.2,20,58.38,UPI,Completed,5,YouTube,Mobile
CUST10547,Siddharth Jadhav,37,Male,Navi Mumbai,Maharashtra,Books,Novel,ORD100292,2025-12-05,3,399,1017.45,15,159.01,Credit Card,Completed,3,Instagram,Tablet
CUST10404,Rohan Verma,59,Female,Delhi,Delhi,Home,Table Lamp,ORD100293,2025-01-22,5,799,3196.0,20,346.05,Cash on Delivery,Completed,5,Facebook,Mobile
CUST10688,Aanya Gupta,44,Male,Thane,Maharashtra,Books,Data Science Book,ORD100294,2025-05-10,2,799,1518.1,5,188.48,Cash on Delivery,Completed,3,Google Ads,Tablet
CUST10672,Siddharth Kulkarni,22,Male,Bengaluru,Karnataka,Home,Table Lamp,ORD100295,2025-06-19,2,799,1278.4,20,226.84,Credit Card,Completed,5,Google Ads,Desktop
CUST10828,Kabir Joshi,49,Male,Chennai,Tamil Nadu,Beauty,Shampoo,ORD100296,2025-03-20,5,599,2695.5,10,589.48,Debit Card,Completed,4,Organic Search,Mobile
CUST10457,Aryan Jadhav,32,Female,Mumbai,Maharashtra,Beauty,Shampoo,ORD100297,2025-06-19,3,599,1707.15,5,368.6,Debit Card,Completed,4,Email,Desktop
CUST10914,Rahul Kulkarni,56,Male,Hyderabad,Telangana,Electronics,Bluetooth Speaker,ORD100298,2025-11-17,2,1999,3198.4,20,381.53,UPI,Completed,3,Facebook,Tablet
CUST10913,Kiara Gupta,20,Female,Mumbai,Maharashtra,Books,Python Book,ORD100299,2025-03-18,5,699,2796.0,20,487.68,Cash on Delivery,Completed,3,YouTube,Desktop
CUST10144,Riya Mehta,23,Female,Nashik,Maharashtra,Beauty,Shampoo,ORD100300,2025-11-11,5,599,2995.0,0,636.54,Net Banking,Completed,5,Instagram,Mobile
CUST10531,Priya Joshi,20,Male,Chennai,Tamil Nadu,Fashion,Jacket,ORD100301,2025-04-30,2,1899,3798.0,0,504.65,Debit Card,Completed,3,Organic Search,Desktop
CUST10179,Vivaan Sharma,59,Female,Indore,Madhya Pradesh,Home,Table Lamp,ORD100302,2025-05-15,5,799,3595.5,10,888.0,Net Banking,Completed,5,YouTube,Desktop
CUST10909,Riya Verma,42,Male,Navi Mumbai,Maharashtra,Fashion,Backpack,ORD100303,2025-06-26,4,999,3596.4,10,875.53,Cash on Delivery,Completed,4,Google Ads,Tablet
CUST10837,Meera Deshmukh,32,Male,Indore,Madhya Pradesh,Electronics,USB-C Hub,ORD100304,2025-03-22,3,1299,3702.15,5,407.41,UPI,Completed,5,YouTube,Mobile
CUST10131,Arjun Singh,48,Female,Delhi,Delhi,Beauty,Moisturizer,ORD100305,2025-07-30,5,499,2370.25,5,496.45,Cash on Delivery,Completed,3,Facebook,Mobile
CUST10900,Kiara Deshmukh,21,Male,Nashik,Maharashtra,Fashion,Sneakers,ORD100306,2025-11-03,2,2199,3518.4,20,955.77,Debit Card,Returned,1,Google Ads,Mobile
CUST10271,Priya Deshmukh,32,Female,Bengaluru,Karnataka,Beauty,Face Serum,ORD100307,2025-04-04,2,699,1118.4,20,272.99,Credit Card,Completed,5,YouTube,Tablet
CUST10701,Nisha Shah,22,Female,Navi Mumbai,Maharashtra,Fashion,Jacket,ORD100308,2025-04-14,4,1899,7216.2,5,733.99,Net Banking,Completed,5,Instagram,Tablet
CUST10924,Priya Reddy,57,Male,Pune,Maharashtra,Books,Novel,ORD100309,2025-02-17,5,399,1596.0,20,367.84,Cash on Delivery,Completed,3,Facebook,Mobile
CUST10359,Riya Khan,41,Female,Indore,Madhya Pradesh,Electronics,USB-C Hub,ORD100310,2025-09-04,4,1299,4936.2,5,1321.34,Cash on Delivery,Completed,4,YouTube,Tablet
CUST10006,Isha Deshmukh,34,Male,Chennai,Tamil Nadu,Beauty,Moisturizer,ORD100311,2025-10-06,1,499,449.1,10,89.67,UPI,Completed,3,Facebook,Tablet
CUST10876,Diya Kulkarni,31,Male,Pune,Maharashtra,Home,Cushion Set,ORD100312,2025-11-30,3,599,1797.0,0,199.39,Cash on Delivery,Completed,4,Organic Search,Tablet
CUST10315,Diya Jadhav,31,Female,Navi Mumbai,Maharashtra,Beauty,Face Serum,ORD100313,2025-10-14,5,699,2970.75,15,343.85,Cash on Delivery,Completed,4,Email,Tablet
CUST10714,Arjun Pawar,32,Male,Delhi,Delhi,Beauty,Moisturizer,ORD100314,2025-06-23,1,499,474.05,5,86.12,UPI,Completed,5,Instagram,Desktop
CUST10039,Aditya Nair,27,Male,Kolkata,West Bengal,Beauty,Face Serum,ORD100315,2025-04-24,4,699,2796.0,0,259.51,Net Banking,Completed,5,Organic Search,Tablet
CUST10803,Nisha Sharma,29,Female,Kolkata,West Bengal,Beauty,Perfume,ORD100316,2025-09-23,1,999,949.05,5,237.37,Cash on Delivery,Completed,3,Facebook,Tablet
CUST10686,Nisha Deshmukh,20,Male,Ahmedabad,Gujarat,Home,Bedsheet,ORD100317,2025-05-22,1,1199,1139.05,5,110.91,Net Banking,Completed,4,Organic Search,Tablet
CUST10466,Aditya Reddy,23,Male,Nagpur,Maharashtra,Books,Python Book,ORD100318,2025-05-22,5,699,2796.0,20,418.33,Net Banking,Completed,3,Facebook,Mobile
CUST10898,Isha Mehta,24,Male,Thane,Maharashtra,Books,Novel,ORD100319,2025-03-01,5,399,1795.5,10,265.72,Cash on Delivery,Completed,4,Facebook,Desktop
CUST10070,Diya Shah,48,Female,Ahmedabad,Gujarat,Fashion,Sneakers,ORD100320,2025-01-15,4,2199,7476.6,15,1938.72,Net Banking,Completed,4,YouTube,Mobile
CUST10841,Ananya Khan,40,Male,Kolkata,West Bengal,Books,Self Help Book,ORD100321,2025-02-17,1,449,404.1,10,52.39,Debit Card,Completed,5,Google Ads,Tablet
CUST10511,Priya Joshi,40,Male,Indore,Madhya Pradesh,Fashion,Backpack,ORD100322,2025-12-16,3,999,2847.15,5,767.09,Credit Card,Cancelled,2,Instagram,Tablet
CUST10629,Kabir Gupta,30,Female,Nagpur,Maharashtra,Fashion,Backpack,ORD100323,2025-03-03,3,999,2847.15,5,671.32,UPI,Cancelled,4,Facebook,Mobile
CUST10769,Aanya Shah,38,Female,Surat,Gujarat,Beauty,Face Serum,ORD100324,2025-09-19,3,699,1782.45,15,207.79,Cash on Delivery,Completed,3,Instagram,Mobile
CUST10324,Priya Mehta,20,Female,Hyderabad,Telangana,Books,Python Book,ORD100325,2025-03-03,4,699,2656.2,5,455.38,UPI,Completed,4,Google Ads,Tablet
CUST10352,Kiara Patil,38,Female,Nagpur,Maharashtra,Home,Storage Box,ORD100326,2025-05-02,3,899,2562.15,5,486.07,Debit Card,Completed,5,Instagram,Desktop
CUST10834,Isha Pawar,41,Male,Delhi,Delhi,Home,Cushion Set,ORD100327,2025-03-09,3,599,1527.45,15,177.15,UPI,Returned,2,YouTube,Desktop
CUST10915,Sara Khan,42,Male,Jaipur,Rajasthan,Fashion,Jeans,ORD100328,2025-04-01,2,1299,2208.3,15,532.5,Cash on Delivery,Completed,3,Facebook,Tablet
CUST10488,Siddharth Verma,53,Female,Navi Mumbai,Maharashtra,Books,Novel,ORD100329,2025-01-31,4,399,1596.0,0,348.1,UPI,Completed,4,Organic Search,Tablet
CUST10204,Aanya Joshi,53,Female,Navi Mumbai,Maharashtra,Books,Python Book,ORD100330,2025-06-29,3,699,2097.0,0,340.45,Cash on Delivery,Completed,5,Facebook,Tablet
CUST10890,Siddharth Joshi,38,Male,Kolkata,West Bengal,Books,Business Book,ORD100331,2025-05-27,4,599,2396.0,0,374.29,Credit Card,Completed,3,YouTube,Desktop
CUST10405,Aditya Patil,28,Female,Delhi,Delhi,Home,Bedsheet,ORD100332,2025-12-30,3,1199,3237.3,10,681.78,Debit Card,Completed,5,Organic Search,Desktop
CUST10171,Isha Deshmukh,29,Female,Ahmedabad,Gujarat,Electronics,Smart Watch,ORD100333,2025-12-25,2,2499,4498.2,10,1205.91,Net Banking,Completed,3,Google Ads,Mobile
CUST10317,Sara Sharma,19,Female,Pune,Maharashtra,Beauty,Face Serum,ORD100334,2025-03-21,1,699,699.0,0,92.61,Credit Card,Completed,4,Instagram,Tablet
CUST10999,Rohan Deshmukh,51,Female,Thane,Maharashtra,Fashion,T-Shirt,ORD100335,2025-06-16,1,599,539.1,10,135.89,Cash on Delivery,Completed,4,Email,Tablet
CUST10494,Sara Deshmukh,55,Male,Bengaluru,Karnataka,Books,Business Book,ORD100336,2025-11-24,5,599,2545.75,15,470.18,Cash on Delivery,Completed,4,Instagram,Mobile
CUST10548,Aanya Khan,34,Female,Bengaluru,Karnataka,Fashion,Sneakers,ORD100337,2025-03-11,1,2199,2199.0,0,406.07,UPI,Completed,4,YouTube,Desktop
CUST10448,Siddharth Sharma,45,Female,Jaipur,Rajasthan,Home,Storage Box,ORD100338,2025-04-07,2,899,1798.0,0,340.98,Net Banking,Completed,5,Instagram,Mobile
CUST10279,Diya Gupta,34,Female,Ahmedabad,Gujarat,Electronics,Power Bank,ORD100339,2025-11-10,2,899,1438.4,20,335.01,Debit Card,Completed,5,YouTube,Tablet
CUST10638,Isha Gupta,22,Female,Hyderabad,Telangana,Fashion,Jeans,ORD100340,2025-11-13,3,1299,3897.0,0,808.15,Net Banking,Completed,5,Instagram,Desktop
CUST10093,Vivaan Mehta,19,Male,Mumbai,Maharashtra,Fashion,T-Shirt,ORD100341,2025-08-13,3,599,1617.3,10,169.83,Credit Card,Completed,3,Google Ads,Desktop
CUST10074,Isha Verma,49,Female,Nagpur,Maharashtra,Home,Cushion Set,ORD100342,2025-03-16,1,599,539.1,10,51.78,Cash on Delivery,Completed,4,Organic Search,Mobile
CUST10790,Diya Nair,18,Female,Nagpur,Maharashtra,Electronics,Smart Watch,ORD100343,2025-01-18,4,2499,8496.6,15,1099.74,UPI,Completed,5,Facebook,Tablet
CUST10204,Diya Kulkarni,37,Female,Nagpur,Maharashtra,Home,Bedsheet,ORD100344,2025-05-10,1,1199,959.2,20,176.67,Debit Card,Completed,4,Google Ads,Tablet
CUST10993,Aryan Kulkarni,45,Male,Nagpur,Maharashtra,Home,Table Lamp,ORD100345,2025-07-22,2,799,1438.2,10,283.24,UPI,Completed,3,Facebook,Tablet
CUST10062,Aanya Jadhav,23,Male,Bengaluru,Karnataka,Fashion,Jeans,ORD100346,2025-06-23,4,1299,5196.0,0,1128.51,Debit Card,Cancelled,1,YouTube,Mobile
CUST10742,Rohan Singh,32,Male,Ahmedabad,Gujarat,Home,Storage Box,ORD100347,2025-01-11,3,899,2292.45,15,519.56,Credit Card,Completed,4,Email,Mobile
CUST10889,Sara Verma,52,Female,Bengaluru,Karnataka,Beauty,Moisturizer,ORD100348,2025-06-15,5,499,2370.25,5,447.32,Cash on Delivery,Completed,4,Facebook,Mobile
CUST10905,Meera Verma,34,Male,Pune,Maharashtra,Books,Python Book,ORD100349,2025-09-17,4,699,2796.0,0,657.57,UPI,Completed,3,Facebook,Desktop
CUST10331,Ananya Pawar,22,Male,Jaipur,Rajasthan,Books,Business Book,ORD100350,2025-10-10,2,599,958.4,20,207.63,Net Banking,Completed,4,YouTube,Desktop
CUST10585,Riya Kulkarni,22,Male,Pune,Maharashtra,Electronics,Smart Watch,ORD100351,2025-09-06,2,2499,4998.0,0,601.84,Net Banking,Completed,3,YouTube,Desktop
CUST10063,Vivaan Joshi,32,Female,Hyderabad,Telangana,Books,Novel,ORD100352,2025-02-10,1,399,379.05,5,80.04,Debit Card,Completed,5,Facebook,Tablet
CUST10984,Aanya Jadhav,21,Female,Indore,Madhya Pradesh,Books,Python Book,ORD100353,2025-06-05,5,699,3495.0,0,792.88,Cash on Delivery,Completed,3,Google Ads,Mobile
CUST10426,Sara Khan,30,Male,Ahmedabad,Gujarat,Fashion,Backpack,ORD100354,2025-04-02,2,999,1598.4,20,327.78,UPI,Completed,5,YouTube,Tablet
CUST10454,Isha Reddy,24,Female,Navi Mumbai,Maharashtra,Fashion,Jeans,ORD100355,2025-12-03,5,1299,5520.75,15,998.92,Debit Card,Completed,5,Email,Tablet
CUST10949,Isha Jadhav,58,Female,Navi Mumbai,Maharashtra,Beauty,Shampoo,ORD100356,2025-04-20,5,599,2845.25,5,548.08,Debit Card,Completed,5,Email,Desktop
CUST10220,Aarav Pawar,20,Female,Bengaluru,Karnataka,Home,Storage Box,ORD100357,2025-06-04,1,899,719.2,20,76.97,Debit Card,Completed,3,Google Ads,Tablet
CUST10376,Sara Mehta,53,Female,Surat,Gujarat,Books,Self Help Book,ORD100358,2025-07-02,2,449,898.0,0,78.62,Cash on Delivery,Completed,4,Instagram,Mobile
CUST10720,Aditya Shah,43,Female,Thane,Maharashtra,Books,Data Science Book,ORD100359,2025-03-30,1,799,719.1,10,171.56,Cash on Delivery,Completed,5,Google Ads,Tablet
CUST10891,Vivaan Pawar,54,Female,Kolkata,West Bengal,Beauty,Face Wash,ORD100360,2025-08-11,1,349,314.1,10,46.98,Credit Card,Completed,3,YouTube,Tablet
CUST10157,Diya Sharma,37,Male,Surat,Gujarat,Books,Novel,ORD100361,2025-06-17,3,399,957.6,20,184.8,UPI,Completed,3,YouTube,Tablet
CUST10488,Nisha Shah,50,Female,Delhi,Delhi,Electronics,Smart Watch,ORD100362,2025-03-17,4,2499,8996.4,10,2134.61,Cash on Delivery,Completed,3,YouTube,Mobile
CUST10586,Ishaan Patil,43,Female,Hyderabad,Telangana,Books,Business Book,ORD100363,2025-04-12,2,599,1138.1,5,200.52,Credit Card,Completed,5,Facebook,Tablet
CUST10196,Aryan Patil,35,Male,Ahmedabad,Gujarat,Beauty,Shampoo,ORD100364,2025-07-31,5,599,2995.0,0,307.01,Debit Card,Completed,4,Email,Tablet
CUST10160,Siddharth Deshmukh,40,Male,Kolkata,West Bengal,Books,Business Book,ORD100365,2025-04-30,5,599,2845.25,5,478.27,UPI,Completed,4,Google Ads,Tablet
CUST10758,Nisha Reddy,27,Male,Mumbai,Maharashtra,Home,Table Lamp,ORD100366,2025-08-30,3,799,2397.0,0,338.03,Cash on Delivery,Completed,3,Instagram,Mobile
CUST10062,Sara Singh,57,Female,Hyderabad,Telangana,Fashion,T-Shirt,ORD100367,2025-09-27,4,599,1916.8,20,500.68,Debit Card,Completed,3,Instagram,Tablet
CUST10020,Vivaan Singh,59,Female,Chennai,Tamil Nadu,Electronics,Wireless Headphones,ORD100368,2025-12-04,4,1499,5396.4,10,1147.25,Debit Card,Completed,3,YouTube,Desktop
CUST10575,Riya Pawar,24,Female,Nagpur,Maharashtra,Home,Cushion Set,ORD100369,2025-04-12,5,599,2396.0,20,233.86,UPI,Completed,4,Google Ads,Mobile
CUST10283,Ananya Singh,43,Female,Indore,Madhya Pradesh,Fashion,T-Shirt,ORD100370,2025-06-04,3,599,1617.3,10,244.33,UPI,Completed,5,YouTube,Desktop
CUST10984,Aarav Mehta,35,Female,Indore,Madhya Pradesh,Fashion,Jeans,ORD100371,2025-02-14,3,1299,3312.45,15,700.21,Cash on Delivery,Completed,5,YouTube,Tablet
CUST10595,Aryan Shah,27,Female,Nagpur,Maharashtra,Beauty,Shampoo,ORD100372,2025-03-09,5,599,2695.5,10,457.79,Cash on Delivery,Completed,3,YouTube,Mobile
CUST10972,Siddharth Pawar,51,Male,Surat,Gujarat,Fashion,Jacket,ORD100373,2025-06-12,2,1899,3038.4,20,800.38,UPI,Completed,5,Instagram,Desktop
CUST10156,Aarav Jadhav,38,Male,Surat,Gujarat,Beauty,Perfume,ORD100374,2025-11-23,3,999,2547.45,15,583.68,Credit Card,Cancelled,3,Google Ads,Mobile
CUST10082,Nisha Shah,35,Male,Nashik,Maharashtra,Books,Self Help Book,ORD100375,2025-04-29,5,449,2132.75,5,425.0,Net Banking,Completed,4,Instagram,Tablet
CUST10948,Aanya Deshmukh,42,Female,Surat,Gujarat,Beauty,Perfume,ORD100376,2025-01-17,2,999,1898.1,5,225.21,Debit Card,Completed,3,Organic Search,Mobile
CUST10623,Kabir Patil,29,Male,Ahmedabad,Gujarat,Beauty,Face Serum,ORD100377,2025-05-07,4,699,2516.4,10,637.54,Net Banking,Completed,3,YouTube,Desktop
CUST10784,Riya Patil,46,Male,Delhi,Delhi,Beauty,Face Wash,ORD100378,2025-01-21,2,349,558.4,20,104.74,UPI,Completed,5,Instagram,Desktop
CUST10475,Siddharth Jadhav,36,Female,Bengaluru,Karnataka,Beauty,Moisturizer,ORD100379,2025-01-28,4,499,1796.4,10,364.0,Net Banking,Completed,3,Google Ads,Tablet
CUST10919,Rahul Jadhav,55,Male,Hyderabad,Telangana,Books,Data Science Book,ORD100380,2025-01-13,4,799,2716.6,15,393.07,Credit Card,Completed,5,Organic Search,Mobile
CUST10627,Rahul Pawar,25,Female,Thane,Maharashtra,Electronics,Wireless Headphones,ORD100381,2025-12-29,4,1499,5396.4,10,523.78,Credit Card,Completed,5,Organic Search,Tablet
CUST10317,Rahul Reddy,39,Male,Delhi,Delhi,Books,Data Science Book,ORD100382,2025-12-31,2,799,1518.1,5,175.76,Net Banking,Completed,4,Email,Tablet
CUST10623,Rohan Gupta,18,Male,Nashik,Maharashtra,Books,Python Book,ORD100383,2025-09-13,1,699,594.15,15,106.67,Net Banking,Completed,3,Instagram,Mobile
CUST10571,Meera Khan,46,Female,Chennai,Tamil Nadu,Electronics,USB-C Hub,ORD100384,2025-10-08,5,1299,6495.0,0,837.48,Credit Card,Completed,5,Google Ads,Mobile
CUST10183,Aanya Sharma,27,Male,Nashik,Maharashtra,Electronics,USB-C Hub,ORD100385,2025-02-14,5,1299,5845.5,10,854.74,Credit Card,Completed,4,YouTube,Desktop
CUST10864,Meera Pawar,55,Male,Chennai,Tamil Nadu,Home,Table Lamp,ORD100386,2025-07-14,1,799,719.1,10,103.96,Cash on Delivery,Completed,4,Google Ads,Desktop
CUST10586,Arjun Pawar,35,Male,Bengaluru,Karnataka,Home,Storage Box,ORD100387,2025-04-18,4,899,2876.8,20,350.88,Cash on Delivery,Completed,3,Google Ads,Desktop
CUST10533,Isha Shah,38,Female,Ahmedabad,Gujarat,Home,Storage Box,ORD100388,2025-03-08,5,899,3596.0,20,542.17,Net Banking,Completed,4,Organic Search,Mobile
CUST10424,Siddharth Gupta,18,Male,Indore,Madhya Pradesh,Electronics,Wireless Headphones,ORD100389,2025-04-17,4,1499,5996.0,0,1364.05,UPI,Completed,4,Email,Desktop
CUST10117,Aarav Kulkarni,30,Male,Hyderabad,Telangana,Home,Wall Clock,ORD100390,2025-10-09,1,699,629.1,10,88.11,Debit Card,Completed,3,Email,Desktop
CUST10914,Rahul Gupta,39,Male,Ahmedabad,Gujarat,Home,Cushion Set,ORD100391,2025-09-04,4,599,2396.0,0,501.08,Cash on Delivery,Completed,4,Email,Desktop
CUST10819,Vivaan Nair,51,Female,Jaipur,Rajasthan,Home,Storage Box,ORD100392,2025-04-17,3,899,2157.6,20,403.85,Debit Card,Completed,4,Google Ads,Mobile
CUST10723,Ananya Khan,58,Male,Thane,Maharashtra,Books,Data Science Book,ORD100393,2025-11-01,5,799,3196.0,20,504.69,Debit Card,Completed,4,YouTube,Mobile
CUST10797,Aditya Singh,33,Female,Thane,Maharashtra,Home,Cushion Set,ORD100394,2025-03-31,3,599,1707.15,5,315.86,Credit Card,Completed,3,Google Ads,Desktop
CUST10147,Priya Reddy,50,Male,Hyderabad,Telangana,Fashion,Jeans,ORD100395,2025-09-26,3,1299,3312.45,15,750.23,UPI,Completed,4,Facebook,Tablet
CUST10342,Vivaan Singh,42,Male,Nashik,Maharashtra,Books,Novel,ORD100396,2025-12-18,1,399,359.1,10,95.69,Net Banking,Completed,3,Google Ads,Mobile
CUST10688,Aarav Shah,37,Female,Hyderabad,Telangana,Fashion,Sneakers,ORD100397,2025-09-30,2,2199,4178.1,5,573.71,UPI,Completed,4,Email,Mobile
CUST10966,Arjun Sharma,57,Female,Nashik,Maharashtra,Books,Self Help Book,ORD100398,2025-10-09,1,449,426.55,5,80.41,Debit Card,Completed,3,Facebook,Mobile
CUST10056,Siddharth Shah,39,Male,Nashik,Maharashtra,Books,Business Book,ORD100399,2025-12-12,1,599,569.05,5,48.82,UPI,Completed,4,Organic Search,Desktop
CUST10833,Nisha Joshi,37,Female,Nashik,Maharashtra,Home,Bedsheet,ORD100400,2025-08-27,5,1199,5995.0,0,1647.04,Net Banking,Completed,3,Google Ads,Desktop
CUST10808,Priya Gupta,32,Female,Thane,Maharashtra,Fashion,Backpack,ORD100401,2025-12-25,3,999,2697.3,10,427.29,Debit Card,Cancelled,3,Organic Search,Desktop
CUST10106,Priya Patil,40,Male,Mumbai,Maharashtra,Beauty,Perfume,ORD100402,2025-11-06,2,999,1798.2,10,420.04,Net Banking,Completed,5,YouTube,Mobile
CUST10394,Siddharth Mehta,47,Male,Navi Mumbai,Maharashtra,Beauty,Face Serum,ORD100403,2025-10-08,4,699,2656.2,5,542.33,UPI,Completed,4,Email,Mobile
CUST10118,Isha Shah,39,Female,Surat,Gujarat,Books,Data Science Book,ORD100404,2025-12-31,2,799,1598.0,0,364.14,Cash on Delivery,Completed,4,Facebook,Desktop
CUST10336,Meera Deshmukh,37,Male,Navi Mumbai,Maharashtra,Beauty,Face Wash,ORD100405,2025-11-02,5,349,1745.0,0,378.84,Net Banking,Completed,4,YouTube,Tablet
CUST10458,Kabir Nair,26,Male,Mumbai,Maharashtra,Books,Novel,ORD100406,2025-05-30,2,399,758.1,5,129.33,Credit Card,Completed,5,Instagram,Tablet
CUST10873,Siddharth Shah,37,Female,Indore,Madhya Pradesh,Beauty,Shampoo,ORD100407,2025-09-19,1,599,479.2,20,39.11,Debit Card,Completed,3,Google Ads,Desktop
CUST10326,Aarav Pawar,53,Male,Indore,Madhya Pradesh,Home,Table Lamp,ORD100408,2025-12-26,3,799,2397.0,0,304.53,Net Banking,Completed,5,Organic Search,Desktop
CUST10129,Rahul Singh,26,Male,Delhi,Delhi,Fashion,Backpack,ORD100409,2025-03-20,4,999,3596.4,10,891.88,Credit Card,Completed,5,Google Ads,Mobile
CUST10619,Rohan Pawar,49,Male,Kolkata,West Bengal,Beauty,Moisturizer,ORD100410,2025-08-01,1,499,474.05,5,98.82,Net Banking,Completed,5,Facebook,Mobile
CUST10243,Sara Nair,46,Female,Bengaluru,Karnataka,Beauty,Shampoo,ORD100411,2025-01-04,2,599,1138.1,5,187.73,Cash on Delivery,Completed,5,Email,Desktop
CUST10749,Vivaan Sharma,54,Female,Indore,Madhya Pradesh,Beauty,Shampoo,ORD100412,2025-12-20,1,599,479.2,20,84.49,Cash on Delivery,Completed,5,Email,Desktop
CUST10628,Riya Reddy,57,Male,Hyderabad,Telangana,Electronics,Smart Watch,ORD100413,2025-10-04,4,2499,9996.0,0,2167.28,UPI,Completed,4,Email,Tablet
CUST10712,Priya Singh,50,Male,Jaipur,Rajasthan,Beauty,Face Serum,ORD100414,2025-05-31,3,699,1782.45,15,268.41,Cash on Delivery,Completed,3,YouTube,Desktop
CUST10028,Vivaan Kulkarni,48,Female,Ahmedabad,Gujarat,Books,Data Science Book,ORD100415,2025-05-30,5,799,3995.0,0,844.0,Debit Card,Completed,5,Organic Search,Mobile
CUST10757,Ishaan Verma,26,Male,Nashik,Maharashtra,Books,Python Book,ORD100416,2025-02-27,3,699,1887.3,10,156.35,Credit Card,Completed,5,YouTube,Desktop
CUST10858,Ishaan Jadhav,33,Male,Navi Mumbai,Maharashtra,Beauty,Moisturizer,ORD100417,2025-02-13,5,499,2495.0,0,370.68,Net Banking,Returned,2,Organic Search,Desktop
CUST10488,Rahul Gupta,54,Female,Nagpur,Maharashtra,Home,Table Lamp,ORD100418,2025-08-26,3,799,2397.0,0,216.94,Cash on Delivery,Completed,4,Instagram,Desktop
CUST10985,Priya Verma,27,Female,Kolkata,West Bengal,Books,Business Book,ORD100419,2025-08-18,1,599,539.1,10,143.1,Cash on Delivery,Completed,4,YouTube,Mobile
CUST10473,Isha Shah,59,Female,Pune,Maharashtra,Home,Wall Clock,ORD100420,2025-05-11,3,699,1887.3,10,453.83,Credit Card,Completed,4,YouTube,Tablet
CUST10107,Riya Joshi,29,Male,Chennai,Tamil Nadu,Home,Storage Box,ORD100421,2025-01-07,1,899,899.0,0,221.46,Net Banking,Completed,5,Email,Mobile
CUST10974,Ishaan Gupta,20,Female,Ahmedabad,Gujarat,Electronics,USB-C Hub,ORD100422,2025-12-03,1,1299,1299.0,0,347.74,Cash on Delivery,Cancelled,2,YouTube,Mobile
CUST10479,Aditya Nair,56,Male,Ahmedabad,Gujarat,Fashion,Jacket,ORD100423,2025-12-23,5,1899,9020.25,5,2338.05,UPI,Completed,4,YouTube,Desktop
CUST10062,Isha Pawar,60,Female,Indore,Madhya Pradesh,Home,Wall Clock,ORD100424,2025-02-01,2,699,1398.0,0,189.37,Debit Card,Completed,4,Email,Mobile
CUST10629,Priya Reddy,30,Male,Bengaluru,Karnataka,Books,Business Book,ORD100425,2025-10-04,2,599,1018.3,15,103.55,UPI,Completed,3,Organic Search,Tablet
CUST10956,Vivaan Patil,22,Male,Thane,Maharashtra,Books,Python Book,ORD100426,2025-03-18,4,699,2796.0,0,725.01,UPI,Completed,3,YouTube,Desktop
CUST10554,Ananya Reddy,43,Male,Thane,Maharashtra,Books,Novel,ORD100427,2025-07-26,5,399,1695.75,15,297.82,Credit Card,Completed,3,Google Ads,Desktop
CUST10874,Arjun Shah,52,Female,Ahmedabad,Gujarat,Home,Wall Clock,ORD100428,2025-11-28,3,699,1782.45,15,162.27,Debit Card,Completed,5,Google Ads,Desktop
CUST10499,Kabir Deshmukh,53,Female,Jaipur,Rajasthan,Electronics,Power Bank,ORD100429,2025-02-24,2,899,1618.2,10,354.67,UPI,Completed,4,YouTube,Desktop
CUST10547,Rohan Sharma,30,Male,Ahmedabad,Gujarat,Electronics,USB-C Hub,ORD100430,2025-10-04,2,1299,2208.3,15,348.37,Net Banking,Completed,4,Google Ads,Mobile
CUST10153,Ananya Jadhav,20,Male,Navi Mumbai,Maharashtra,Beauty,Face Wash,ORD100431,2025-12-14,2,349,558.4,20,95.86,Cash on Delivery,Completed,5,Instagram,Mobile
CUST10052,Priya Kulkarni,19,Male,Mumbai,Maharashtra,Beauty,Face Serum,ORD100432,2025-03-08,1,699,664.05,5,146.26,Debit Card,Completed,5,Google Ads,Desktop
CUST10695,Kiara Patil,24,Male,Chennai,Tamil Nadu,Electronics,Power Bank,ORD100433,2025-04-14,5,899,3596.0,20,446.32,Net Banking,Completed,5,Email,Mobile
CUST10173,Ananya Nair,31,Male,Kolkata,West Bengal,Electronics,USB-C Hub,ORD100434,2025-05-21,2,1299,2338.2,10,216.62,Debit Card,Completed,4,Facebook,Mobile
CUST10184,Kiara Sharma,26,Male,Bengaluru,Karnataka,Electronics,USB-C Hub,ORD100435,2025-09-07,4,1299,4936.2,5,410.33,UPI,Completed,3,YouTube,Tablet
CUST10626,Isha Pawar,48,Female,Chennai,Tamil Nadu,Fashion,Jeans,ORD100436,2025-07-30,2,1299,2338.2,10,431.67,UPI,Completed,3,Facebook,Mobile
CUST10098,Nisha Patil,58,Female,Ahmedabad,Gujarat,Home,Wall Clock,ORD100437,2025-04-09,4,699,2796.0,0,535.55,Cash on Delivery,Completed,5,Email,Tablet
CUST10510,Meera Jadhav,58,Male,Hyderabad,Telangana,Fashion,Sneakers,ORD100438,2025-03-18,1,2199,2089.05,5,214.2,Credit Card,Completed,4,Instagram,Tablet
CUST10054,Vivaan Kulkarni,41,Male,Indore,Madhya Pradesh,Home,Bedsheet,ORD100439,2025-08-21,4,1199,4316.4,10,633.9,Cash on Delivery,Completed,5,Instagram,Mobile
CUST10920,Priya Mehta,25,Male,Jaipur,Rajasthan,Electronics,Smart Watch,ORD100440,2025-08-03,4,2499,7996.8,20,1566.99,Debit Card,Completed,5,Instagram,Mobile
CUST10149,Arjun Gupta,44,Male,Navi Mumbai,Maharashtra,Fashion,Jacket,ORD100441,2025-09-06,2,1899,3798.0,0,661.6,Credit Card,Completed,4,Facebook,Desktop
CUST10288,Aanya Deshmukh,47,Female,Nashik,Maharashtra,Fashion,Sneakers,ORD100442,2025-01-17,3,2199,6267.15,5,922.39,Credit Card,Completed,3,Google Ads,Desktop
CUST10592,Rahul Jadhav,39,Female,Bengaluru,Karnataka,Fashion,Sneakers,ORD100443,2025-11-23,5,2199,10445.25,5,2485.02,Cash on Delivery,Returned,2,Instagram,Mobile
CUST10594,Kabir Shah,48,Female,Delhi,Delhi,Beauty,Shampoo,ORD100444,2025-05-07,1,599,509.15,15,115.7,Credit Card,Completed,4,Facebook,Mobile
CUST10842,Isha Sharma,20,Male,Indore,Madhya Pradesh,Beauty,Face Serum,ORD100445,2025-09-03,1,699,594.15,15,110.65,UPI,Completed,5,Organic Search,Desktop
CUST10492,Sara Jadhav,18,Male,Nagpur,Maharashtra,Beauty,Moisturizer,ORD100446,2025-11-28,2,499,898.2,10,124.99,Debit Card,Returned,1,Instagram,Tablet
CUST10395,Meera Singh,26,Male,Bengaluru,Karnataka,Beauty,Moisturizer,ORD100447,2025-01-01,3,499,1272.45,15,280.93,Debit Card,Completed,3,Facebook,Mobile
CUST10528,Ishaan Pawar,57,Female,Thane,Maharashtra,Books,Self Help Book,ORD100448,2025-06-21,2,449,898.0,0,183.27,Debit Card,Completed,3,Google Ads,Mobile
CUST10142,Meera Shah,20,Female,Delhi,Delhi,Home,Wall Clock,ORD100449,2025-10-15,2,699,1118.4,20,247.14,Debit Card,Completed,3,Instagram,Tablet
CUST10382,Kiara Nair,31,Female,Pune,Maharashtra,Fashion,Sneakers,ORD100450,2025-08-05,3,2199,5937.3,10,1072.95,Debit Card,Completed,3,Organic Search,Desktop
CUST10193,Priya Pawar,52,Male,Hyderabad,Telangana,Books,Python Book,ORD100451,2025-12-11,4,699,2236.8,20,343.64,Net Banking,Cancelled,1,Google Ads,Mobile
CUST10024,Siddharth Patil,24,Male,Delhi,Delhi,Fashion,Sneakers,ORD100452,2025-04-15,1,2199,2089.05,5,374.5,Debit Card,Completed,5,Organic Search,Tablet
CUST10661,Priya Joshi,44,Male,Hyderabad,Telangana,Beauty,Face Wash,ORD100453,2025-04-29,3,349,994.65,5,92.09,Debit Card,Completed,5,Organic Search,Tablet
CUST10176,Priya Shah,60,Female,Navi Mumbai,Maharashtra,Books,Self Help Book,ORD100454,2025-03-09,4,449,1526.6,15,214.97,Debit Card,Cancelled,3,Instagram,Desktop
CUST10997,Vivaan Deshmukh,40,Female,Navi Mumbai,Maharashtra,Home,Cushion Set,ORD100455,2025-12-31,2,599,958.4,20,253.81,Credit Card,Completed,3,YouTube,Tablet
CUST10725,Rahul Gupta,25,Male,Indore,Madhya Pradesh,Electronics,Bluetooth Speaker,ORD100456,2025-07-09,5,1999,9495.25,5,1596.89,UPI,Completed,5,YouTube,Desktop
CUST10971,Aanya Singh,52,Male,Navi Mumbai,Maharashtra,Fashion,Backpack,ORD100457,2025-07-27,3,999,2997.0,0,791.47,Net Banking,Cancelled,2,Email,Mobile
CUST10143,Siddharth Singh,36,Female,Mumbai,Maharashtra,Books,Data Science Book,ORD100458,2025-02-27,5,799,3395.75,15,501.68,Cash on Delivery,Completed,3,Google Ads,Desktop
CUST10228,Nisha Nair,32,Female,Mumbai,Maharashtra,Beauty,Shampoo,ORD100459,2025-11-25,1,599,539.1,10,49.06,Debit Card,Completed,5,Instagram,Mobile
CUST10408,Aditya Mehta,43,Female,Pune,Maharashtra,Fashion,Jacket,ORD100460,2025-01-29,3,1899,4557.6,20,916.15,Credit Card,Cancelled,3,YouTube,Desktop
CUST10760,Aanya Sharma,36,Female,Navi Mumbai,Maharashtra,Home,Wall Clock,ORD100461,2025-02-14,3,699,1782.45,15,454.28,Net Banking,Completed,4,Organic Search,Desktop
CUST10956,Isha Deshmukh,55,Female,Nashik,Maharashtra,Books,Novel,ORD100462,2025-09-26,2,399,758.1,5,106.62,Cash on Delivery,Returned,1,Organic Search,Mobile
CUST10044,Ishaan Khan,29,Female,Mumbai,Maharashtra,Books,Business Book,ORD100463,2025-07-15,5,599,2845.25,5,341.01,Debit Card,Completed,4,Facebook,Desktop
CUST10184,Aryan Sharma,18,Female,Bengaluru,Karnataka,Fashion,Sneakers,ORD100464,2025-12-07,3,2199,5607.45,15,587.86,Net Banking,Cancelled,4,YouTube,Tablet
CUST10644,Arjun Jadhav,35,Male,Nagpur,Maharashtra,Beauty,Face Wash,ORD100465,2025-10-17,5,349,1570.5,10,308.15,Net Banking,Completed,4,YouTube,Mobile
CUST10280,Ishaan Deshmukh,55,Male,Navi Mumbai,Maharashtra,Electronics,Smart Watch,ORD100466,2025-03-11,3,2499,6372.45,15,1629.2,Debit Card,Completed,3,Organic Search,Tablet
CUST10771,Vivaan Verma,36,Female,Indore,Madhya Pradesh,Books,Novel,ORD100467,2025-04-04,5,399,1895.25,5,442.14,Credit Card,Completed,5,Facebook,Desktop
CUST10382,Siddharth Verma,41,Female,Surat,Gujarat,Electronics,USB-C Hub,ORD100468,2025-01-07,5,1299,5845.5,10,1430.18,Net Banking,Completed,4,Organic Search,Desktop
CUST10565,Arjun Gupta,27,Male,Indore,Madhya Pradesh,Books,Data Science Book,ORD100469,2025-09-27,2,799,1278.4,20,259.11,UPI,Completed,5,Organic Search,Desktop
CUST10536,Arjun Nair,26,Male,Indore,Madhya Pradesh,Electronics,Power Bank,ORD100470,2025-03-13,3,899,2427.3,10,529.66,Debit Card,Completed,5,Instagram,Tablet
CUST10080,Arjun Gupta,26,Male,Thane,Maharashtra,Fashion,Jeans,ORD100471,2025-02-10,3,1299,3702.15,5,451.54,UPI,Completed,3,Organic Search,Desktop
CUST10684,Arjun Sharma,60,Male,Mumbai,Maharashtra,Books,Self Help Book,ORD100472,2025-05-10,1,449,381.65,15,39.61,UPI,Completed,4,Google Ads,Mobile
CUST10361,Kiara Reddy,30,Male,Indore,Madhya Pradesh,Fashion,Sneakers,ORD100473,2025-05-23,1,2199,2199.0,0,239.94,Credit Card,Cancelled,3,Facebook,Tablet
CUST10924,Riya Shah,22,Male,Chennai,Tamil Nadu,Electronics,USB-C Hub,ORD100474,2025-04-09,1,1299,1039.2,20,128.24,Cash on Delivery,Returned,2,Google Ads,Tablet
CUST10389,Riya Nair,48,Male,Pune,Maharashtra,Home,Storage Box,ORD100475,2025-02-24,2,899,1528.3,15,328.13,Net Banking,Completed,4,Instagram,Tablet
CUST10740,Arjun Jadhav,38,Female,Nagpur,Maharashtra,Electronics,Power Bank,ORD100476,2025-07-04,1,899,719.2,20,77.09,UPI,Completed,5,Google Ads,Desktop
CUST10194,Diya Verma,47,Male,Bengaluru,Karnataka,Books,Python Book,ORD100477,2025-05-29,4,699,2656.2,5,506.76,UPI,Returned,4,Organic Search,Tablet
CUST10411,Aarav Kulkarni,49,Male,Navi Mumbai,Maharashtra,Electronics,Power Bank,ORD100478,2025-02-13,4,899,2876.8,20,609.05,Cash on Delivery,Completed,4,Google Ads,Tablet
CUST10784,Aditya Joshi,30,Male,Indore,Madhya Pradesh,Home,Bedsheet,ORD100479,2025-08-06,5,1199,5095.75,15,532.77,Cash on Delivery,Completed,4,Facebook,Desktop
CUST10502,Aanya Singh,60,Female,Jaipur,Rajasthan,Books,Business Book,ORD100480,2025-08-21,4,599,1916.8,20,260.26,Net Banking,Completed,4,Instagram,Tablet
CUST10637,Arjun Pawar,21,Male,Nashik,Maharashtra,Electronics,Power Bank,ORD100481,2025-12-14,1,899,854.05,5,133.68,Cash on Delivery,Completed,4,Google Ads,Mobile
CUST10441,Meera Gupta,36,Female,Kolkata,West Bengal,Beauty,Perfume,ORD100482,2025-10-04,5,999,4495.5,10,847.35,UPI,Completed,3,Organic Search,Desktop
CUST10320,Meera Singh,20,Female,Navi Mumbai,Maharashtra,Electronics,Smart Watch,ORD100483,2025-03-26,5,2499,11245.5,10,2889.42,Net Banking,Completed,3,Organic Search,Mobile
CUST10507,Sara Kulkarni,52,Female,Chennai,Tamil Nadu,Books,Business Book,ORD100484,2025-09-17,4,599,1916.8,20,480.87,Cash on Delivery,Completed,4,Organic Search,Tablet
CUST10028,Siddharth Joshi,21,Female,Kolkata,West Bengal,Electronics,USB-C Hub,ORD100485,2025-06-28,1,1299,1234.05,5,305.29,Debit Card,Completed,5,Organic Search,Mobile
CUST10068,Aanya Khan,40,Female,Delhi,Delhi,Electronics,Smart Watch,ORD100486,2025-10-31,2,2499,4748.1,5,995.28,Debit Card,Completed,5,Google Ads,Desktop
CUST10603,Sara Joshi,20,Male,Nashik,Maharashtra,Beauty,Perfume,ORD100487,2025-05-17,5,999,3996.0,20,1040.09,UPI,Completed,4,Email,Desktop
CUST10307,Ananya Shah,24,Female,Chennai,Tamil Nadu,Beauty,Face Wash,ORD100488,2025-12-08,2,349,628.2,10,112.67,Debit Card,Completed,5,Organic Search,Mobile
CUST10735,Sara Gupta,36,Male,Bengaluru,Karnataka,Home,Table Lamp,ORD100489,2025-04-26,3,799,1917.6,20,307.59,Cash on Delivery,Completed,3,Google Ads,Tablet
CUST10824,Aditya Shah,51,Female,Navi Mumbai,Maharashtra,Beauty,Perfume,ORD100490,2025-11-30,2,999,1798.2,10,430.0,Debit Card,Completed,5,Organic Search,Tablet
CUST10643,Kabir Khan,43,Female,Hyderabad,Telangana,Home,Storage Box,ORD100491,2025-10-08,5,899,3820.75,15,818.83,Cash on Delivery,Completed,3,Instagram,Tablet
CUST10474,Meera Verma,58,Male,Bengaluru,Karnataka,Books,Self Help Book,ORD100492,2025-01-31,4,449,1436.8,20,323.74,Credit Card,Completed,4,Instagram,Mobile
CUST10616,Isha Khan,38,Female,Ahmedabad,Gujarat,Electronics,Smart Watch,ORD100493,2025-11-27,4,2499,8996.4,10,2201.8,Credit Card,Completed,5,Organic Search,Mobile
CUST10207,Kabir Sharma,33,Male,Pune,Maharashtra,Home,Cushion Set,ORD100494,2025-08-05,4,599,1916.8,20,533.37,Credit Card,Completed,3,Email,Mobile
CUST10888,Ishaan Kulkarni,53,Female,Mumbai,Maharashtra,Fashion,T-Shirt,ORD100495,2025-02-12,4,599,2396.0,0,218.19,UPI,Completed,4,Organic Search,Desktop
CUST10973,Diya Nair,26,Male,Kolkata,West Bengal,Fashion,T-Shirt,ORD100496,2025-09-25,5,599,2396.0,20,638.74,Cash on Delivery,Completed,5,Email,Desktop
CUST10148,Aryan Shah,25,Male,Indore,Madhya Pradesh,Home,Wall Clock,ORD100497,2025-05-01,5,699,2970.75,15,716.45,UPI,Cancelled,2,Instagram,Mobile
CUST10487,Isha Verma,55,Female,Thane,Maharashtra,Electronics,Power Bank,ORD100498,2025-02-27,5,899,4045.5,10,889.7,Credit Card,Completed,4,Email,Mobile
CUST10394,Aanya Nair,37,Female,Navi Mumbai,Maharashtra,Electronics,USB-C Hub,ORD100499,2025-12-10,1,1299,1299.0,0,283.36,Debit Card,Completed,5,YouTube,Tablet
CUST10305,Sara Nair,33,Male,Navi Mumbai,Maharashtra,Beauty,Perfume,ORD100500,2025-05-11,1,999,849.15,15,225.45,Credit Card,Completed,3,Instagram,Desktop
CUST10845,Isha Jadhav,20,Female,Kolkata,West Bengal,Home,Table Lamp,ORD100501,2025-06-20,4,799,2716.6,15,617.72,Credit Card,Completed,3,YouTube,Desktop
CUST10455,Aanya Khan,56,Male,Hyderabad,Telangana,Books,Python Book,ORD100502,2025-11-25,4,699,2796.0,0,649.78,Credit Card,Completed,5,Google Ads,Desktop
CUST10703,Ananya Shah,23,Female,Nagpur,Maharashtra,Electronics,Smart Watch,ORD100503,2025-11-29,2,2499,3998.4,20,890.49,Net Banking,Completed,5,Email,Desktop
CUST10968,Ishaan Deshmukh,55,Male,Bengaluru,Karnataka,Home,Wall Clock,ORD100504,2025-04-04,2,699,1398.0,0,227.73,Cash on Delivery,Completed,4,Instagram,Mobile
CUST10982,Aditya Singh,30,Male,Mumbai,Maharashtra,Home,Bedsheet,ORD100505,2025-11-04,1,1199,1019.15,15,207.5,Debit Card,Completed,3,Instagram,Tablet
CUST10392,Riya Khan,47,Male,Pune,Maharashtra,Beauty,Face Wash,ORD100506,2025-05-17,2,349,663.1,5,78.32,Credit Card,Completed,4,Organic Search,Mobile
CUST10930,Siddharth Pawar,30,Male,Chennai,Tamil Nadu,Beauty,Moisturizer,ORD100507,2025-05-15,4,499,1896.2,5,162.61,Credit Card,Completed,4,Email,Tablet
CUST10263,Aditya Sharma,48,Female,Kolkata,West Bengal,Fashion,Sneakers,ORD100508,2025-12-29,4,2199,8356.2,5,1860.65,UPI,Completed,5,Google Ads,Tablet
CUST10635,Ananya Reddy,33,Male,Mumbai,Maharashtra,Beauty,Shampoo,ORD100509,2025-01-24,5,599,2396.0,20,531.7,Net Banking,Completed,5,Email,Desktop
CUST10136,Rohan Reddy,53,Female,Kolkata,West Bengal,Electronics,USB-C Hub,ORD100510,2025-09-10,2,1299,2338.2,10,266.49,UPI,Cancelled,4,Email,Tablet
CUST10290,Rohan Verma,25,Female,Hyderabad,Telangana,Home,Table Lamp,ORD100511,2025-05-24,2,799,1358.3,15,345.46,Debit Card,Completed,4,Facebook,Desktop
CUST10055,Isha Reddy,28,Female,Hyderabad,Telangana,Home,Cushion Set,ORD100512,2025-12-03,2,599,958.4,20,240.18,Credit Card,Completed,4,Instagram,Mobile
CUST10727,Vivaan Singh,34,Male,Nagpur,Maharashtra,Fashion,Jacket,ORD100513,2025-09-11,4,1899,7596.0,0,2119.59,Cash on Delivery,Completed,4,Organic Search,Desktop
CUST10913,Rohan Patil,40,Male,Bengaluru,Karnataka,Electronics,Smart Watch,ORD100514,2025-09-18,3,2499,7122.15,5,1759.11,Cash on Delivery,Completed,5,Instagram,Tablet
CUST10404,Isha Reddy,22,Male,Mumbai,Maharashtra,Fashion,Jacket,ORD100515,2025-12-15,1,1899,1709.1,10,145.6,Debit Card,Returned,1,Facebook,Mobile
CUST10672,Rohan Sharma,23,Female,Surat,Gujarat,Beauty,Perfume,ORD100516,2025-01-03,4,999,3596.4,10,715.11,Cash on Delivery,Completed,3,Organic Search,Desktop
CUST10262,Kabir Nair,21,Male,Ahmedabad,Gujarat,Home,Wall Clock,ORD100517,2025-11-05,1,699,699.0,0,132.41,Credit Card,Completed,4,Instagram,Desktop
CUST10926,Kabir Deshmukh,42,Male,Pune,Maharashtra,Beauty,Shampoo,ORD100518,2025-08-10,2,599,1198.0,0,167.37,Cash on Delivery,Completed,4,Instagram,Desktop
CUST10831,Aanya Mehta,30,Male,Kolkata,West Bengal,Beauty,Perfume,ORD100519,2025-11-04,4,999,3396.6,15,454.11,Debit Card,Completed,4,Facebook,Mobile
CUST10086,Aditya Sharma,50,Female,Delhi,Delhi,Home,Cushion Set,ORD100520,2025-09-27,2,599,1138.1,5,302.89,Debit Card,Completed,5,Organic Search,Desktop
CUST10526,Siddharth Deshmukh,26,Female,Pune,Maharashtra,Home,Bedsheet,ORD100521,2025-01-25,5,1199,5095.75,15,708.8,UPI,Completed,3,Facebook,Desktop
CUST10678,Meera Kulkarni,54,Male,Delhi,Delhi,Home,Wall Clock,ORD100522,2025-09-15,3,699,1677.6,20,161.64,Net Banking,Completed,5,Instagram,Mobile
CUST10350,Vivaan Patil,44,Female,Surat,Gujarat,Home,Wall Clock,ORD100523,2025-08-19,5,699,2970.75,15,687.64,Credit Card,Completed,4,Instagram,Mobile
CUST10415,Arjun Khan,52,Female,Pune,Maharashtra,Electronics,Wireless Headphones,ORD100524,2025-12-02,4,1499,5996.0,0,495.63,Cash on Delivery,Completed,5,YouTube,Desktop
CUST10880,Diya Jadhav,37,Female,Thane,Maharashtra,Electronics,Smart Watch,ORD100525,2025-01-09,2,2499,4998.0,0,590.57,UPI,Completed,3,Instagram,Desktop
CUST10120,Aryan Khan,58,Male,Kolkata,West Bengal,Books,Data Science Book,ORD100526,2025-03-17,1,799,719.1,10,168.23,Credit Card,Completed,3,Instagram,Tablet
CUST10106,Priya Singh,19,Female,Ahmedabad,Gujarat,Beauty,Face Serum,ORD100527,2025-07-20,2,699,1328.1,5,184.56,Net Banking,Completed,3,Organic Search,Desktop
CUST10541,Vivaan Singh,43,Female,Ahmedabad,Gujarat,Beauty,Face Serum,ORD100528,2025-09-07,5,699,2796.0,20,746.69,UPI,Completed,3,Organic Search,Tablet
CUST10447,Ishaan Reddy,59,Male,Navi Mumbai,Maharashtra,Beauty,Perfume,ORD100529,2025-11-27,1,999,849.15,15,173.68,UPI,Completed,5,Instagram,Desktop
CUST10135,Priya Joshi,46,Male,Ahmedabad,Gujarat,Fashion,Backpack,ORD100530,2025-06-23,2,999,1598.4,20,418.48,Debit Card,Cancelled,4,YouTube,Tablet
CUST10178,Aanya Jadhav,48,Female,Delhi,Delhi,Fashion,Backpack,ORD100531,2025-02-14,2,999,1798.2,10,392.26,Credit Card,Completed,3,Instagram,Tablet
CUST10694,Isha Singh,37,Male,Bengaluru,Karnataka,Fashion,Jeans,ORD100532,2025-07-03,5,1299,6495.0,0,1817.64,Credit Card,Cancelled,3,Instagram,Tablet
CUST10788,Ananya Khan,25,Male,Mumbai,Maharashtra,Books,Data Science Book,ORD100533,2025-05-13,1,799,639.2,20,79.78,UPI,Returned,3,Facebook,Desktop
CUST10844,Riya Shah,60,Male,Indore,Madhya Pradesh,Electronics,Wireless Headphones,ORD100534,2025-02-26,4,1499,5096.6,15,1388.97,Cash on Delivery,Returned,1,Google Ads,Tablet
CUST10158,Arjun Nair,31,Male,Pune,Maharashtra,Home,Bedsheet,ORD100535,2025-09-13,3,1199,3057.45,15,710.53,Debit Card,Completed,3,Email,Mobile
CUST10773,Meera Khan,18,Male,Pune,Maharashtra,Fashion,Jacket,ORD100536,2025-02-13,3,1899,5127.3,10,928.06,Net Banking,Completed,5,Email,Tablet
CUST10967,Rohan Jadhav,51,Male,Kolkata,West Bengal,Beauty,Moisturizer,ORD100537,2025-07-29,2,499,848.3,15,138.0,UPI,Cancelled,3,Organic Search,Mobile
CUST10945,Riya Patil,23,Male,Jaipur,Rajasthan,Home,Wall Clock,ORD100538,2025-07-21,4,699,2656.2,5,443.09,Credit Card,Completed,5,Facebook,Mobile
CUST10718,Isha Khan,53,Female,Kolkata,West Bengal,Home,Wall Clock,ORD100539,2025-09-28,3,699,2097.0,0,514.61,Net Banking,Completed,3,Organic Search,Tablet
CUST10758,Aanya Reddy,59,Female,Nagpur,Maharashtra,Beauty,Moisturizer,ORD100540,2025-06-21,3,499,1497.0,0,130.83,Credit Card,Completed,5,Facebook,Tablet
CUST10853,Aditya Mehta,53,Male,Thane,Maharashtra,Home,Storage Box,ORD100541,2025-10-04,3,899,2562.15,5,216.97,Debit Card,Completed,3,YouTube,Desktop
CUST10306,Vivaan Nair,41,Male,Hyderabad,Telangana,Home,Storage Box,ORD100542,2025-11-30,3,899,2697.0,0,241.51,Cash on Delivery,Cancelled,4,YouTube,Mobile
CUST10587,Aryan Jadhav,55,Female,Bengaluru,Karnataka,Books,Self Help Book,ORD100543,2025-05-26,5,449,2132.75,5,320.06,Credit Card,Completed,5,YouTube,Desktop
CUST10084,Arjun Joshi,51,Male,Hyderabad,Telangana,Books,Data Science Book,ORD100544,2025-12-31,3,799,2037.45,15,202.93,UPI,Completed,4,Google Ads,Desktop
CUST10599,Priya Gupta,46,Male,Indore,Madhya Pradesh,Electronics,Bluetooth Speaker,ORD100545,2025-09-23,5,1999,8495.75,15,1679.17,Net Banking,Completed,4,YouTube,Desktop
CUST10712,Isha Nair,28,Female,Bengaluru,Karnataka,Fashion,Backpack,ORD100546,2025-03-08,2,999,1698.3,15,377.41,Credit Card,Returned,1,Organic Search,Desktop
CUST10121,Sara Joshi,25,Male,Mumbai,Maharashtra,Books,Business Book,ORD100547,2025-05-29,1,599,599.0,0,92.2,Debit Card,Completed,3,Email,Desktop
CUST10188,Priya Sharma,27,Female,Thane,Maharashtra,Fashion,Backpack,ORD100548,2025-06-06,4,999,3996.0,0,1068.39,Net Banking,Cancelled,2,Google Ads,Mobile
CUST10855,Aditya Nair,20,Female,Hyderabad,Telangana,Beauty,Perfume,ORD100549,2025-06-22,5,999,4495.5,10,868.32,Cash on Delivery,Completed,4,Instagram,Mobile
CUST10348,Meera Kulkarni,46,Female,Hyderabad,Telangana,Fashion,Sneakers,ORD100550,2025-07-29,1,2199,1759.2,20,374.53,Cash on Delivery,Completed,4,Google Ads,Tablet
CUST10198,Ishaan Kulkarni,23,Female,Indore,Madhya Pradesh,Fashion,T-Shirt,ORD100551,2025-03-05,5,599,2695.5,10,518.1,Cash on Delivery,Completed,3,Facebook,Tablet
CUST10282,Kiara Mehta,30,Male,Jaipur,Rajasthan,Beauty,Face Serum,ORD100552,2025-09-30,1,699,699.0,0,147.94,Credit Card,Completed,3,Instagram,Tablet
CUST10425,Aditya Jadhav,52,Female,Surat,Gujarat,Books,Python Book,ORD100553,2025-01-12,4,699,2236.8,20,199.07,UPI,Completed,3,Facebook,Desktop
CUST10695,Aditya Patil,24,Female,Delhi,Delhi,Books,Data Science Book,ORD100554,2025-02-15,3,799,2277.15,5,265.36,Credit Card,Completed,4,Google Ads,Tablet
CUST10054,Aarav Pawar,21,Male,Navi Mumbai,Maharashtra,Home,Cushion Set,ORD100555,2025-06-15,1,599,539.1,10,58.49,Credit Card,Completed,3,Instagram,Tablet
CUST10030,Priya Mehta,50,Male,Chennai,Tamil Nadu,Beauty,Face Wash,ORD100556,2025-10-11,3,349,1047.0,0,150.42,Net Banking,Completed,4,YouTube,Mobile
CUST10513,Ishaan Mehta,55,Male,Indore,Madhya Pradesh,Electronics,Smart Watch,ORD100557,2025-07-28,5,2499,11870.25,5,1672.79,Credit Card,Completed,5,Instagram,Desktop
CUST10001,Aryan Mehta,45,Male,Hyderabad,Telangana,Books,Business Book,ORD100558,2025-11-14,1,599,599.0,0,145.27,UPI,Completed,3,Organic Search,Desktop
CUST10092,Diya Joshi,58,Female,Chennai,Tamil Nadu,Fashion,Backpack,ORD100559,2025-10-01,5,999,4495.5,10,400.54,Net Banking,Completed,4,YouTube,Mobile
CUST10464,Sara Verma,45,Male,Surat,Gujarat,Fashion,Backpack,ORD100560,2025-06-25,5,999,4495.5,10,1154.38,Debit Card,Completed,5,Instagram,Tablet
CUST10424,Kabir Singh,56,Female,Navi Mumbai,Maharashtra,Home,Table Lamp,ORD100561,2025-01-03,2,799,1598.0,0,322.41,Cash on Delivery,Cancelled,2,YouTube,Tablet
CUST10848,Sara Patil,59,Female,Bengaluru,Karnataka,Electronics,USB-C Hub,ORD100562,2025-06-30,1,1299,1104.15,15,236.78,Cash on Delivery,Returned,4,Email,Desktop
CUST10367,Arjun Singh,41,Male,Nashik,Maharashtra,Fashion,Jacket,ORD100563,2025-05-24,1,1899,1804.05,5,412.46,Credit Card,Completed,5,Google Ads,Tablet
CUST10201,Aryan Gupta,49,Female,Kolkata,West Bengal,Home,Table Lamp,ORD100564,2025-12-28,3,799,2037.45,15,531.57,Net Banking,Completed,3,Google Ads,Desktop
CUST10266,Rahul Mehta,30,Female,Chennai,Tamil Nadu,Books,Self Help Book,ORD100565,2025-03-07,5,449,2132.75,5,198.5,Cash on Delivery,Completed,3,Instagram,Tablet
CUST10875,Kabir Nair,19,Female,Ahmedabad,Gujarat,Books,Self Help Book,ORD100566,2025-01-02,3,449,1077.6,20,276.53,Debit Card,Cancelled,1,Organic Search,Desktop
CUST10006,Riya Singh,49,Male,Thane,Maharashtra,Home,Storage Box,ORD100567,2025-08-04,1,899,854.05,5,76.35,Net Banking,Completed,4,Instagram,Desktop
CUST10029,Aryan Pawar,45,Male,Pune,Maharashtra,Electronics,Smart Watch,ORD100568,2025-02-02,2,2499,4748.1,5,692.49,Net Banking,Completed,3,Organic Search,Mobile
CUST10795,Ishaan Gupta,24,Female,Chennai,Tamil Nadu,Beauty,Moisturizer,ORD100569,2025-09-24,3,499,1497.0,0,365.76,Cash on Delivery,Completed,3,Facebook,Desktop
CUST10064,Meera Shah,25,Male,Jaipur,Rajasthan,Electronics,Wireless Headphones,ORD100570,2025-12-22,1,1499,1274.15,15,181.76,Net Banking,Completed,3,Google Ads,Desktop
CUST10886,Aditya Patil,21,Female,Chennai,Tamil Nadu,Books,Novel,ORD100571,2025-11-13,3,399,1017.45,15,163.13,Cash on Delivery,Completed,3,YouTube,Tablet
CUST10530,Diya Singh,45,Female,Mumbai,Maharashtra,Books,Self Help Book,ORD100572,2025-12-12,1,449,404.1,10,84.94,Debit Card,Completed,4,Facebook,Mobile
CUST10743,Aarav Shah,22,Male,Pune,Maharashtra,Books,Data Science Book,ORD100573,2025-05-12,5,799,3795.25,5,787.41,Cash on Delivery,Completed,4,Organic Search,Mobile
CUST10795,Vivaan Sharma,26,Male,Nagpur,Maharashtra,Home,Storage Box,ORD100574,2025-07-03,4,899,2876.8,20,782.34,Credit Card,Completed,5,Instagram,Desktop
CUST10353,Siddharth Joshi,18,Female,Thane,Maharashtra,Books,Self Help Book,ORD100575,2025-10-14,2,449,898.0,0,114.47,Credit Card,Completed,4,Instagram,Tablet
CUST10429,Aditya Joshi,30,Male,Indore,Madhya Pradesh,Beauty,Perfume,ORD100576,2025-10-17,5,999,4495.5,10,1125.68,Debit Card,Returned,3,Instagram,Mobile
CUST10827,Priya Gupta,18,Male,Bengaluru,Karnataka,Fashion,Jeans,ORD100577,2025-09-04,4,1299,4156.8,20,509.74,Net Banking,Completed,4,Instagram,Desktop
CUST10935,Aanya Sharma,22,Male,Nashik,Maharashtra,Home,Table Lamp,ORD100578,2025-08-14,5,799,3995.0,0,433.38,Debit Card,Completed,5,Google Ads,Mobile
CUST10933,Siddharth Deshmukh,32,Male,Nagpur,Maharashtra,Home,Bedsheet,ORD100579,2025-04-11,3,1199,2877.6,20,371.77,UPI,Completed,4,Google Ads,Tablet
CUST10819,Arjun Joshi,31,Female,Nashik,Maharashtra,Home,Cushion Set,ORD100580,2025-12-05,2,599,1078.2,10,260.81,Cash on Delivery,Completed,5,Organic Search,Tablet
CUST10251,Rohan Reddy,26,Male,Pune,Maharashtra,Fashion,Jeans,ORD100581,2025-06-12,5,1299,5520.75,15,1208.33,UPI,Completed,5,Facebook,Tablet
CUST10804,Rohan Joshi,33,Female,Nagpur,Maharashtra,Electronics,Bluetooth Speaker,ORD100582,2025-09-08,2,1999,3198.4,20,875.33,Net Banking,Completed,3,YouTube,Tablet
CUST10712,Riya Khan,59,Male,Pune,Maharashtra,Books,Python Book,ORD100583,2025-06-14,4,699,2236.8,20,386.64,Net Banking,Completed,5,YouTube,Desktop
CUST10224,Kiara Khan,58,Female,Bengaluru,Karnataka,Books,Novel,ORD100584,2025-08-20,2,399,758.1,5,196.33,Debit Card,Completed,4,Organic Search,Desktop
CUST10477,Aanya Verma,53,Male,Chennai,Tamil Nadu,Electronics,Smart Watch,ORD100585,2025-06-30,1,2499,2249.1,10,379.88,Cash on Delivery,Completed,3,Facebook,Desktop
CUST10661,Meera Khan,44,Female,Delhi,Delhi,Home,Cushion Set,ORD100586,2025-04-02,3,599,1617.3,10,253.07,UPI,Completed,4,Email,Mobile
CUST10338,Ishaan Reddy,32,Male,Thane,Maharashtra,Electronics,Wireless Headphones,ORD100587,2025-04-13,1,1499,1349.1,10,118.26,Debit Card,Completed,5,Email,Tablet
CUST10969,Kabir Pawar,56,Female,Surat,Gujarat,Fashion,Backpack,ORD100588,2025-05-25,3,999,2997.0,0,701.34,Net Banking,Completed,4,Facebook,Tablet
CUST10776,Riya Jadhav,27,Female,Mumbai,Maharashtra,Beauty,Moisturizer,ORD100589,2025-09-22,2,499,948.1,5,165.81,Net Banking,Completed,5,YouTube,Desktop
CUST10592,Ananya Nair,30,Male,Navi Mumbai,Maharashtra,Beauty,Perfume,ORD100590,2025-10-13,2,999,1698.3,15,288.7,Credit Card,Completed,3,Email,Tablet
CUST10945,Aanya Joshi,32,Female,Mumbai,Maharashtra,Beauty,Perfume,ORD100591,2025-10-28,4,999,3196.8,20,447.32,Credit Card,Completed,3,Instagram,Desktop
CUST10655,Diya Gupta,43,Female,Chennai,Tamil Nadu,Electronics,USB-C Hub,ORD100592,2025-06-18,4,1299,4936.2,5,863.62,Debit Card,Completed,4,Google Ads,Mobile
CUST10299,Vivaan Nair,56,Male,Pune,Maharashtra,Beauty,Face Wash,ORD100593,2025-07-17,2,349,663.1,5,62.26,Cash on Delivery,Completed,3,Google Ads,Desktop
CUST10761,Riya Sharma,28,Female,Mumbai,Maharashtra,Home,Cushion Set,ORD100594,2025-03-08,4,599,2276.2,5,632.6,UPI,Completed,4,Organic Search,Mobile
CUST10702,Siddharth Khan,60,Male,Nashik,Maharashtra,Beauty,Moisturizer,ORD100595,2025-10-28,5,499,1996.0,20,534.59,Net Banking,Completed,5,Email,Mobile
CUST10041,Meera Patil,43,Male,Mumbai,Maharashtra,Books,Data Science Book,ORD100596,2025-09-09,5,799,3595.5,10,942.24,UPI,Completed,5,Email,Tablet
CUST10394,Aanya Pawar,37,Female,Indore,Madhya Pradesh,Beauty,Face Serum,ORD100597,2025-11-13,2,699,1188.3,15,154.27,Credit Card,Completed,4,YouTube,Tablet
CUST10781,Vivaan Gupta,28,Female,Pune,Maharashtra,Home,Storage Box,ORD100598,2025-04-22,3,899,2697.0,0,592.28,Cash on Delivery,Cancelled,4,Google Ads,Desktop
CUST10655,Riya Jadhav,38,Male,Pune,Maharashtra,Beauty,Perfume,ORD100599,2025-01-23,2,999,1798.2,10,218.44,Net Banking,Completed,3,Organic Search,Desktop
CUST10085,Kabir Khan,20,Female,Ahmedabad,Gujarat,Electronics,Bluetooth Speaker,ORD100600,2025-08-26,1,1999,1899.05,5,276.16,Cash on Delivery,Completed,3,YouTube,Mobile
CUST10401,Rohan Singh,35,Female,Ahmedabad,Gujarat,Fashion,Jeans,ORD100601,2025-05-31,1,1299,1039.2,20,104.03,Credit Card,Completed,5,Google Ads,Tablet
CUST10049,Ishaan Deshmukh,46,Male,Jaipur,Rajasthan,Home,Bedsheet,ORD100602,2025-09-30,2,1199,2398.0,0,619.97,Cash on Delivery,Completed,5,YouTube,Tablet
CUST10384,Diya Pawar,37,Male,Ahmedabad,Gujarat,Beauty,Face Wash,ORD100603,2025-07-13,5,349,1745.0,0,156.58,Credit Card,Completed,3,Instagram,Mobile
CUST10046,Aarav Sharma,39,Female,Mumbai,Maharashtra,Fashion,T-Shirt,ORD100604,2025-12-07,2,599,1198.0,0,286.78,Net Banking,Completed,3,Facebook,Mobile
CUST10109,Ananya Mehta,58,Female,Surat,Gujarat,Fashion,Backpack,ORD100605,2025-08-08,2,999,1598.4,20,254.17,Debit Card,Completed,3,Email,Mobile
CUST10045,Ananya Sharma,42,Female,Mumbai,Maharashtra,Fashion,Jacket,ORD100606,2025-05-23,2,1899,3798.0,0,803.63,UPI,Completed,4,Instagram,Desktop
CUST10947,Arjun Pawar,52,Female,Thane,Maharashtra,Books,Data Science Book,ORD100607,2025-11-20,3,799,2397.0,0,479.34,Credit Card,Completed,5,Email,Mobile
CUST10602,Priya Patil,39,Female,Kolkata,West Bengal,Electronics,USB-C Hub,ORD100608,2025-11-24,5,1299,5520.75,15,863.86,UPI,Completed,5,Instagram,Mobile
CUST10385,Siddharth Gupta,45,Male,Chennai,Tamil Nadu,Fashion,Backpack,ORD100609,2025-09-13,1,999,999.0,0,107.4,Credit Card,Completed,3,YouTube,Mobile
CUST10868,Ananya Deshmukh,35,Female,Nagpur,Maharashtra,Home,Table Lamp,ORD100610,2025-05-28,5,799,3395.75,15,711.78,Debit Card,Completed,3,Email,Mobile
CUST10072,Aryan Jadhav,32,Male,Nagpur,Maharashtra,Books,Business Book,ORD100611,2025-11-19,5,599,2695.5,10,314.59,Credit Card,Completed,4,Google Ads,Tablet
CUST10169,Rohan Patil,29,Male,Nashik,Maharashtra,Books,Self Help Book,ORD100612,2025-08-07,2,449,853.1,5,154.82,Credit Card,Completed,4,Instagram,Desktop
CUST10483,Siddharth Verma,54,Male,Nashik,Maharashtra,Beauty,Moisturizer,ORD100613,2025-07-04,3,499,1272.45,15,122.16,Net Banking,Completed,3,Organic Search,Tablet
CUST10567,Rohan Nair,48,Female,Chennai,Tamil Nadu,Electronics,Power Bank,ORD100614,2025-06-03,4,899,3596.0,0,833.45,Credit Card,Completed,3,Email,Desktop
CUST10005,Meera Verma,42,Female,Bengaluru,Karnataka,Books,Self Help Book,ORD100615,2025-08-29,4,449,1796.0,0,263.38,UPI,Completed,3,Facebook,Tablet
CUST10944,Priya Khan,44,Female,Ahmedabad,Gujarat,Beauty,Shampoo,ORD100616,2025-10-29,4,599,2036.6,15,288.31,UPI,Completed,3,Organic Search,Tablet
CUST10490,Isha Verma,40,Male,Nashik,Maharashtra,Books,Business Book,ORD100617,2025-08-06,3,599,1797.0,0,377.7,UPI,Completed,3,Email,Tablet
CUST10120,Rohan Verma,56,Male,Ahmedabad,Gujarat,Beauty,Moisturizer,ORD100618,2025-12-06,3,499,1422.15,5,285.04,UPI,Completed,3,YouTube,Tablet
CUST10513,Diya Pawar,55,Female,Indore,Madhya Pradesh,Electronics,USB-C Hub,ORD100619,2025-08-07,2,1299,2208.3,15,249.9,Cash on Delivery,Completed,4,YouTube,Desktop
CUST10716,Isha Jadhav,23,Female,Chennai,Tamil Nadu,Electronics,USB-C Hub,ORD100620,2025-04-18,3,1299,3702.15,5,495.36,Debit Card,Cancelled,4,Google Ads,Mobile
CUST10721,Aarav Patil,22,Female,Surat,Gujarat,Beauty,Face Serum,ORD100621,2025-03-29,4,699,2516.4,10,570.24,Credit Card,Completed,3,Instagram,Desktop
CUST10452,Meera Shah,31,Male,Nashik,Maharashtra,Fashion,Jeans,ORD100622,2025-04-09,1,1299,1234.05,5,298.44,Cash on Delivery,Completed,4,Google Ads,Tablet
CUST10779,Siddharth Patil,42,Male,Nashik,Maharashtra,Electronics,Bluetooth Speaker,ORD100623,2025-05-01,1,1999,1799.1,10,154.6,UPI,Completed,5,Google Ads,Mobile
CUST10955,Kiara Jadhav,20,Male,Thane,Maharashtra,Electronics,Smart Watch,ORD100624,2025-09-24,5,2499,12495.0,0,1938.39,Net Banking,Returned,3,Organic Search,Desktop
CUST10826,Ananya Joshi,39,Female,Chennai,Tamil Nadu,Home,Bedsheet,ORD100625,2025-01-30,3,1199,3057.45,15,476.01,UPI,Returned,3,Google Ads,Desktop
CUST10528,Rohan Sharma,56,Female,Surat,Gujarat,Electronics,USB-C Hub,ORD100626,2025-11-13,3,1299,3702.15,5,568.97,Net Banking,Completed,4,YouTube,Mobile
CUST10357,Aarav Kulkarni,41,Female,Mumbai,Maharashtra,Electronics,Bluetooth Speaker,ORD100627,2025-07-24,4,1999,7596.2,5,1529.51,Net Banking,Completed,3,Organic Search,Tablet
CUST10816,Diya Verma,56,Male,Surat,Gujarat,Fashion,Jeans,ORD100628,2025-09-16,5,1299,5196.0,20,1231.31,UPI,Completed,4,Email,Tablet
CUST10717,Rahul Reddy,46,Female,Hyderabad,Telangana,Electronics,Power Bank,ORD100629,2025-03-29,5,899,4270.25,5,549.46,UPI,Completed,5,Google Ads,Desktop
CUST10945,Rahul Reddy,38,Male,Ahmedabad,Gujarat,Beauty,Shampoo,ORD100630,2025-12-10,2,599,1078.2,10,229.86,Cash on Delivery,Completed,3,YouTube,Tablet
CUST10990,Ananya Nair,32,Male,Bengaluru,Karnataka,Books,Self Help Book,ORD100631,2025-07-15,1,449,404.1,10,62.8,Net Banking,Completed,5,Instagram,Mobile
CUST10874,Siddharth Patil,25,Male,Thane,Maharashtra,Electronics,Bluetooth Speaker,ORD100632,2025-03-01,5,1999,9495.25,5,2173.69,Debit Card,Completed,3,Organic Search,Tablet
CUST10533,Siddharth Sharma,55,Male,Ahmedabad,Gujarat,Books,Data Science Book,ORD100633,2025-07-06,4,799,2716.6,15,391.0,Cash on Delivery,Completed,3,Facebook,Mobile
CUST10150,Aarav Mehta,47,Female,Pune,Maharashtra,Home,Bedsheet,ORD100634,2025-08-22,3,1199,3417.15,5,614.97,UPI,Completed,4,Facebook,Desktop
CUST10157,Ishaan Nair,54,Male,Thane,Maharashtra,Beauty,Moisturizer,ORD100635,2025-07-12,4,499,1796.4,10,396.7,Credit Card,Completed,4,YouTube,Mobile
CUST10357,Rahul Nair,49,Male,Ahmedabad,Gujarat,Beauty,Shampoo,ORD100636,2025-06-22,2,599,1198.0,0,227.13,Net Banking,Completed,4,Organic Search,Mobile
CUST10871,Siddharth Pawar,30,Female,Hyderabad,Telangana,Books,Business Book,ORD100637,2025-10-25,1,599,569.05,5,82.33,Debit Card,Completed,3,Organic Search,Tablet
CUST10371,Meera Pawar,48,Male,Nashik,Maharashtra,Home,Bedsheet,ORD100638,2025-04-11,2,1199,2278.1,5,548.73,Cash on Delivery,Completed,3,Google Ads,Tablet
CUST10666,Diya Khan,28,Male,Jaipur,Rajasthan,Electronics,Wireless Headphones,ORD100639,2025-01-27,3,1499,3822.45,15,443.12,Debit Card,Completed,5,Facebook,Desktop
CUST10795,Aryan Sharma,25,Female,Nashik,Maharashtra,Fashion,Jacket,ORD100640,2025-03-30,4,1899,6836.4,10,1487.58,UPI,Completed,4,Organic Search,Tablet
CUST10024,Meera Joshi,18,Female,Delhi,Delhi,Electronics,Wireless Headphones,ORD100641,2025-12-09,1,1499,1499.0,0,266.59,Cash on Delivery,Cancelled,2,Facebook,Tablet
CUST10731,Arjun Jadhav,55,Female,Bengaluru,Karnataka,Fashion,Jacket,ORD100642,2025-03-06,4,1899,6456.6,15,901.81,Cash on Delivery,Completed,3,Instagram,Desktop
CUST10128,Diya Mehta,52,Male,Surat,Gujarat,Books,Business Book,ORD100643,2025-10-03,1,599,479.2,20,118.57,Credit Card,Completed,5,YouTube,Mobile
CUST10263,Aarav Mehta,46,Male,Nashik,Maharashtra,Home,Table Lamp,ORD100644,2025-12-01,1,799,759.05,5,148.03,UPI,Completed,5,Google Ads,Mobile
CUST10675,Aanya Mehta,28,Female,Hyderabad,Telangana,Beauty,Face Wash,ORD100645,2025-09-23,2,349,628.2,10,56.06,Cash on Delivery,Cancelled,3,Organic Search,Mobile
CUST10038,Ananya Mehta,40,Female,Chennai,Tamil Nadu,Books,Self Help Book,ORD100646,2025-12-06,5,449,2132.75,5,464.06,Credit Card,Completed,3,Instagram,Desktop
CUST10262,Rohan Shah,53,Male,Surat,Gujarat,Fashion,Backpack,ORD100647,2025-11-15,3,999,2697.3,10,285.1,Debit Card,Completed,5,Organic Search,Tablet
CUST10714,Diya Singh,23,Male,Indore,Madhya Pradesh,Home,Cushion Set,ORD100648,2025-11-19,2,599,958.4,20,115.73,Credit Card,Completed,5,YouTube,Desktop
CUST10545,Isha Nair,27,Male,Chennai,Tamil Nadu,Home,Cushion Set,ORD100649,2025-05-07,4,599,2396.0,0,653.64,UPI,Completed,3,YouTube,Tablet
CUST10387,Ananya Kulkarni,23,Male,Delhi,Delhi,Home,Wall Clock,ORD100650,2025-04-26,3,699,1992.15,5,505.55,Credit Card,Completed,3,Organic Search,Mobile
CUST10278,Rahul Mehta,37,Male,Jaipur,Rajasthan,Books,Business Book,ORD100651,2025-10-20,1,599,479.2,20,71.77,Cash on Delivery,Completed,5,Google Ads,Mobile
CUST10526,Diya Deshmukh,40,Female,Nashik,Maharashtra,Books,Self Help Book,ORD100652,2025-03-07,5,449,1908.25,15,334.65,Credit Card,Completed,5,YouTube,Mobile
CUST10818,Kiara Pawar,35,Female,Nashik,Maharashtra,Electronics,Bluetooth Speaker,ORD100653,2025-08-23,2,1999,3198.4,20,523.41,Net Banking,Completed,4,Facebook,Desktop
CUST10748,Riya Pawar,32,Female,Thane,Maharashtra,Home,Table Lamp,ORD100654,2025-02-16,3,799,2037.45,15,477.0,Credit Card,Completed,3,Google Ads,Mobile
CUST10702,Aditya Pawar,36,Male,Chennai,Tamil Nadu,Books,Business Book,ORD100655,2025-03-11,1,599,509.15,15,109.67,Cash on Delivery,Completed,5,YouTube,Mobile
CUST10622,Nisha Gupta,18,Male,Delhi,Delhi,Beauty,Face Serum,ORD100656,2025-12-05,3,699,1992.15,5,555.5,Net Banking,Returned,1,Instagram,Tablet
CUST10347,Rahul Patil,41,Male,Indore,Madhya Pradesh,Fashion,Backpack,ORD100657,2025-07-14,3,999,2997.0,0,493.14,Credit Card,Completed,3,Facebook,Mobile
CUST10958,Priya Verma,34,Female,Thane,Maharashtra,Fashion,T-Shirt,ORD100658,2025-06-06,5,599,2545.75,15,314.38,Net Banking,Cancelled,1,Facebook,Desktop
CUST10104,Aarav Shah,47,Female,Mumbai,Maharashtra,Home,Wall Clock,ORD100659,2025-04-06,3,699,2097.0,0,169.92,Net Banking,Completed,3,Organic Search,Mobile
CUST10914,Isha Patil,49,Male,Pune,Maharashtra,Electronics,Smart Watch,ORD100660,2025-07-11,3,2499,7122.15,5,1240.25,Credit Card,Completed,4,Facebook,Desktop
CUST10292,Meera Deshmukh,26,Female,Pune,Maharashtra,Home,Cushion Set,ORD100661,2025-12-30,1,599,539.1,10,138.4,UPI,Completed,3,Instagram,Desktop
CUST10732,Vivaan Deshmukh,60,Female,Delhi,Delhi,Fashion,Jacket,ORD100662,2025-10-09,3,1899,5697.0,0,935.56,Credit Card,Completed,5,Email,Desktop
CUST10850,Rohan Patil,24,Female,Hyderabad,Telangana,Electronics,Smart Watch,ORD100663,2025-12-17,2,2499,4498.2,10,809.68,Debit Card,Completed,5,Organic Search,Tablet
CUST10256,Isha Singh,36,Male,Ahmedabad,Gujarat,Home,Cushion Set,ORD100664,2025-03-20,1,599,509.15,15,65.96,Debit Card,Completed,3,Google Ads,Desktop
CUST10235,Isha Gupta,48,Male,Ahmedabad,Gujarat,Electronics,USB-C Hub,ORD100665,2025-10-30,5,1299,6170.25,5,726.45,UPI,Completed,3,Instagram,Desktop
CUST10314,Kabir Reddy,27,Female,Mumbai,Maharashtra,Beauty,Face Wash,ORD100666,2025-01-27,5,349,1657.75,5,162.77,Credit Card,Completed,5,Instagram,Desktop
CUST10328,Vivaan Mehta,45,Female,Delhi,Delhi,Electronics,Bluetooth Speaker,ORD100667,2025-06-29,1,1999,1799.1,10,274.75,UPI,Completed,3,Instagram,Mobile
CUST10343,Ananya Gupta,36,Male,Mumbai,Maharashtra,Beauty,Shampoo,ORD100668,2025-05-10,5,599,2995.0,0,497.71,Debit Card,Cancelled,3,Google Ads,Mobile
CUST10216,Sara Jadhav,26,Male,Kolkata,West Bengal,Home,Wall Clock,ORD100669,2025-07-10,3,699,1677.6,20,311.65,Cash on Delivery,Completed,4,Organic Search,Mobile
CUST10965,Rohan Kulkarni,56,Male,Indore,Madhya Pradesh,Electronics,Wireless Headphones,ORD100670,2025-08-17,5,1499,7120.25,5,844.36,Cash on Delivery,Cancelled,1,Facebook,Desktop
CUST10917,Kabir Mehta,27,Female,Thane,Maharashtra,Electronics,Smart Watch,ORD100671,2025-05-10,2,2499,4248.3,15,807.6,Debit Card,Cancelled,3,Organic Search,Tablet
CUST10297,Isha Patil,48,Male,Ahmedabad,Gujarat,Beauty,Face Serum,ORD100672,2025-05-21,5,699,3495.0,0,396.29,UPI,Completed,3,Facebook,Mobile
CUST10411,Diya Singh,52,Male,Jaipur,Rajasthan,Books,Novel,ORD100673,2025-07-16,2,399,678.3,15,156.11,Cash on Delivery,Completed,4,Email,Mobile
CUST10304,Rahul Shah,31,Male,Nashik,Maharashtra,Books,Novel,ORD100674,2025-09-26,5,399,1695.75,15,306.53,Debit Card,Completed,3,Facebook,Mobile
CUST10658,Vivaan Mehta,33,Male,Nashik,Maharashtra,Home,Table Lamp,ORD100675,2025-05-19,2,799,1438.2,10,381.77,Credit Card,Completed,3,Instagram,Tablet
CUST10302,Aanya Kulkarni,56,Male,Pune,Maharashtra,Home,Wall Clock,ORD100676,2025-03-10,1,699,559.2,20,74.27,Debit Card,Completed,5,Google Ads,Tablet
CUST10705,Aanya Gupta,35,Male,Surat,Gujarat,Fashion,Sneakers,ORD100677,2025-10-26,1,2199,1759.2,20,372.01,Net Banking,Completed,5,YouTube,Desktop
CUST10378,Meera Gupta,38,Male,Surat,Gujarat,Home,Bedsheet,ORD100678,2025-04-29,5,1199,5095.75,15,566.28,Credit Card,Completed,4,Organic Search,Mobile
CUST10838,Meera Deshmukh,29,Male,Bengaluru,Karnataka,Fashion,Backpack,ORD100679,2025-01-11,4,999,3796.2,5,795.35,Net Banking,Completed,3,YouTube,Tablet
CUST10618,Rohan Patil,45,Male,Nagpur,Maharashtra,Fashion,Jacket,ORD100680,2025-03-12,4,1899,7596.0,0,1708.05,UPI,Completed,3,Organic Search,Desktop
CUST10981,Aarav Jadhav,59,Male,Mumbai,Maharashtra,Electronics,Smart Watch,ORD100681,2025-11-18,2,2499,4998.0,0,667.39,UPI,Completed,3,Facebook,Tablet
CUST10557,Aditya Gupta,26,Female,Surat,Gujarat,Beauty,Face Serum,ORD100682,2025-09-03,4,699,2656.2,5,375.79,Debit Card,Completed,3,YouTube,Tablet
CUST10395,Vivaan Patil,52,Male,Pune,Maharashtra,Home,Table Lamp,ORD100683,2025-04-25,5,799,3395.75,15,367.99,Credit Card,Completed,4,Email,Tablet
CUST10342,Diya Kulkarni,25,Male,Thane,Maharashtra,Beauty,Moisturizer,ORD100684,2025-05-25,1,499,474.05,5,47.57,UPI,Completed,5,Email,Mobile
CUST10704,Nisha Deshmukh,29,Male,Indore,Madhya Pradesh,Beauty,Face Serum,ORD100685,2025-08-06,3,699,1677.6,20,195.06,Debit Card,Completed,5,Facebook,Desktop
CUST10328,Ishaan Reddy,49,Male,Navi Mumbai,Maharashtra,Home,Wall Clock,ORD100686,2025-03-18,1,699,699.0,0,176.39,Credit Card,Completed,3,Organic Search,Desktop
CUST10362,Aditya Patil,54,Female,Ahmedabad,Gujarat,Beauty,Shampoo,ORD100687,2025-03-07,2,599,1198.0,0,173.24,Debit Card,Completed,4,Organic Search,Desktop
CUST10546,Nisha Jadhav,58,Female,Bengaluru,Karnataka,Home,Bedsheet,ORD100688,2025-09-12,2,1199,2038.3,15,333.73,Cash on Delivery,Completed,4,Instagram,Desktop
CUST10981,Riya Shah,32,Female,Pune,Maharashtra,Electronics,Smart Watch,ORD100689,2025-01-09,3,2499,7497.0,0,904.56,Credit Card,Completed,4,Google Ads,Mobile
CUST10058,Aanya Nair,26,Female,Indore,Madhya Pradesh,Home,Cushion Set,ORD100690,2025-08-04,2,599,958.4,20,262.95,Credit Card,Completed,3,Google Ads,Tablet
CUST10892,Diya Pawar,19,Male,Ahmedabad,Gujarat,Beauty,Shampoo,ORD100691,2025-02-07,1,599,599.0,0,127.32,Credit Card,Completed,5,Google Ads,Mobile
CUST10541,Aditya Gupta,22,Male,Navi Mumbai,Maharashtra,Electronics,USB-C Hub,ORD100692,2025-08-29,4,1299,4936.2,5,1150.55,Debit Card,Completed,5,Organic Search,Desktop
CUST10516,Meera Jadhav,59,Female,Ahmedabad,Gujarat,Electronics,Bluetooth Speaker,ORD100693,2025-11-25,1,1999,1899.05,5,174.71,Credit Card,Completed,3,Google Ads,Desktop
CUST10535,Meera Mehta,34,Female,Surat,Gujarat,Books,Self Help Book,ORD100694,2025-03-22,3,449,1279.65,5,210.8,Net Banking,Completed,3,Instagram,Tablet
CUST10669,Nisha Sharma,32,Female,Nagpur,Maharashtra,Beauty,Moisturizer,ORD100695,2025-12-21,5,499,1996.0,20,495.69,Net Banking,Completed,4,Organic Search,Mobile
CUST10167,Isha Gupta,35,Female,Mumbai,Maharashtra,Electronics,Wireless Headphones,ORD100696,2025-06-21,1,1499,1349.1,10,270.68,Cash on Delivery,Completed,4,Google Ads,Mobile
CUST10810,Siddharth Gupta,53,Male,Nagpur,Maharashtra,Fashion,T-Shirt,ORD100697,2025-10-19,2,599,1078.2,10,104.59,Net Banking,Completed,5,Google Ads,Mobile
CUST10720,Siddharth Sharma,40,Male,Navi Mumbai,Maharashtra,Home,Cushion Set,ORD100698,2025-07-20,5,599,2845.25,5,406.57,UPI,Completed,3,Email,Desktop
CUST10699,Riya Jadhav,27,Male,Indore,Madhya Pradesh,Electronics,USB-C Hub,ORD100699,2025-01-20,4,1299,4416.6,15,871.27,Net Banking,Completed,3,Google Ads,Tablet
CUST10459,Kabir Jadhav,59,Male,Pune,Maharashtra,Fashion,Jeans,ORD100700,2025-11-08,5,1299,5196.0,20,1446.86,Credit Card,Completed,4,Email,Desktop
CUST10100,Vivaan Reddy,42,Female,Navi Mumbai,Maharashtra,Fashion,Jeans,ORD100701,2025-03-20,5,1299,5196.0,20,493.62,UPI,Completed,4,Instagram,Desktop
CUST10073,Priya Patil,47,Male,Hyderabad,Telangana,Home,Bedsheet,ORD100702,2025-10-23,3,1199,3417.15,5,319.96,Credit Card,Completed,3,YouTube,Desktop
CUST10940,Ishaan Jadhav,46,Female,Thane,Maharashtra,Fashion,T-Shirt,ORD100703,2025-05-27,5,599,2545.75,15,223.82,Credit Card,Completed,5,Organic Search,Desktop
CUST10717,Aanya Patil,44,Female,Hyderabad,Telangana,Books,Business Book,ORD100704,2025-11-26,3,599,1797.0,0,366.81,Cash on Delivery,Completed,3,Google Ads,Mobile
CUST10478,Siddharth Khan,28,Male,Surat,Gujarat,Books,Business Book,ORD100705,2025-08-25,1,599,569.05,5,89.71,Net Banking,Completed,4,YouTube,Tablet
CUST10498,Arjun Patil,29,Female,Indore,Madhya Pradesh,Electronics,Power Bank,ORD100706,2025-02-03,4,899,3416.2,5,547.63,Credit Card,Completed,5,YouTube,Tablet
CUST10793,Ishaan Singh,20,Male,Bengaluru,Karnataka,Books,Data Science Book,ORD100707,2025-06-13,4,799,3036.2,5,631.66,Net Banking,Completed,5,Google Ads,Desktop
CUST10281,Priya Gupta,21,Female,Jaipur,Rajasthan,Fashion,T-Shirt,ORD100708,2025-04-01,4,599,2156.4,10,281.23,Net Banking,Completed,3,Google Ads,Desktop
CUST10169,Isha Mehta,31,Female,Surat,Gujarat,Home,Bedsheet,ORD100709,2025-08-08,1,1199,1199.0,0,310.53,Credit Card,Completed,4,Email,Desktop
CUST10204,Sara Pawar,28,Female,Bengaluru,Karnataka,Beauty,Shampoo,ORD100710,2025-10-15,5,599,2545.75,15,622.7,UPI,Completed,5,YouTube,Tablet
CUST10417,Ananya Kulkarni,38,Male,Chennai,Tamil Nadu,Electronics,Smart Watch,ORD100711,2025-06-12,4,2499,9496.2,5,1708.26,Debit Card,Completed,5,Facebook,Tablet
CUST10793,Rohan Kulkarni,46,Female,Mumbai,Maharashtra,Books,Novel,ORD100712,2025-04-07,1,399,379.05,5,86.86,Credit Card,Completed,5,Facebook,Desktop
CUST10717,Kabir Gupta,54,Female,Nagpur,Maharashtra,Electronics,Bluetooth Speaker,ORD100713,2025-06-07,3,1999,5997.0,0,841.91,Net Banking,Completed,3,YouTube,Desktop
CUST10567,Aanya Joshi,52,Female,Delhi,Delhi,Beauty,Face Serum,ORD100714,2025-08-23,3,699,2097.0,0,556.27,Cash on Delivery,Completed,3,Instagram,Tablet
CUST10632,Siddharth Nair,60,Female,Delhi,Delhi,Beauty,Shampoo,ORD100715,2025-02-23,5,599,2995.0,0,835.82,Net Banking,Completed,3,Google Ads,Desktop
CUST10201,Meera Mehta,55,Male,Ahmedabad,Gujarat,Electronics,Bluetooth Speaker,ORD100716,2025-08-21,4,1999,7596.2,5,946.3,Net Banking,Completed,3,Google Ads,Desktop
CUST10315,Isha Reddy,59,Female,Jaipur,Rajasthan,Beauty,Face Wash,ORD100717,2025-05-18,3,349,994.65,5,180.54,Net Banking,Completed,4,YouTube,Mobile
CUST10248,Vivaan Sharma,19,Female,Mumbai,Maharashtra,Fashion,Sneakers,ORD100718,2025-03-29,5,2199,8796.0,20,1262.17,Cash on Delivery,Returned,4,Organic Search,Mobile
CUST10237,Vivaan Jadhav,54,Female,Chennai,Tamil Nadu,Beauty,Moisturizer,ORD100719,2025-06-12,4,499,1896.2,5,304.57,UPI,Completed,4,YouTube,Mobile
CUST10644,Kiara Jadhav,43,Male,Hyderabad,Telangana,Home,Storage Box,ORD100720,2025-02-17,2,899,1618.2,10,195.4,Cash on Delivery,Completed,3,Instagram,Mobile
CUST10861,Kiara Khan,19,Male,Chennai,Tamil Nadu,Fashion,Jacket,ORD100721,2025-04-24,3,1899,5412.15,5,692.45,Credit Card,Completed,5,YouTube,Desktop
CUST10290,Vivaan Verma,23,Female,Jaipur,Rajasthan,Fashion,T-Shirt,ORD100722,2025-11-02,5,599,2995.0,0,306.05,Debit Card,Completed,3,Instagram,Mobile
CUST10216,Aanya Reddy,31,Female,Pune,Maharashtra,Beauty,Face Wash,ORD100723,2025-09-07,4,349,1396.0,0,227.2,Net Banking,Returned,1,Organic Search,Desktop
CUST10496,Rahul Deshmukh,37,Female,Kolkata,West Bengal,Electronics,Smart Watch,ORD100724,2025-03-02,5,2499,9996.0,20,2508.61,Cash on Delivery,Returned,3,Facebook,Tablet
CUST10222,Riya Pawar,34,Male,Mumbai,Maharashtra,Electronics,Smart Watch,ORD100725,2025-09-23,5,2499,12495.0,0,2338.95,Debit Card,Completed,3,Google Ads,Mobile
CUST10668,Rohan Gupta,23,Female,Mumbai,Maharashtra,Fashion,Sneakers,ORD100726,2025-02-17,3,2199,5607.45,15,672.04,Debit Card,Completed,5,Organic Search,Tablet
CUST10598,Isha Mehta,43,Female,Jaipur,Rajasthan,Fashion,Sneakers,ORD100727,2025-05-24,2,2199,4178.1,5,908.37,Cash on Delivery,Returned,1,Email,Mobile
CUST10581,Priya Khan,46,Male,Jaipur,Rajasthan,Beauty,Face Serum,ORD100728,2025-11-07,3,699,1887.3,10,386.11,Debit Card,Completed,3,Email,Tablet
CUST10408,Meera Deshmukh,20,Male,Surat,Gujarat,Books,Python Book,ORD100729,2025-11-27,5,699,2970.75,15,412.03,UPI,Returned,3,Google Ads,Mobile
CUST10126,Isha Jadhav,29,Female,Jaipur,Rajasthan,Home,Bedsheet,ORD100730,2025-07-10,1,1199,1139.05,5,240.78,UPI,Completed,4,Email,Tablet
CUST10106,Kabir Singh,54,Female,Mumbai,Maharashtra,Home,Bedsheet,ORD100731,2025-11-05,5,1199,5995.0,0,941.92,Cash on Delivery,Completed,3,Email,Tablet
CUST10048,Kiara Reddy,59,Male,Chennai,Tamil Nadu,Beauty,Perfume,ORD100732,2025-01-26,3,999,2697.3,10,322.68,Debit Card,Completed,4,Organic Search,Mobile
CUST10005,Rahul Shah,38,Female,Pune,Maharashtra,Books,Business Book,ORD100733,2025-01-10,2,599,958.4,20,80.75,Net Banking,Completed,5,Email,Mobile
CUST10741,Vivaan Reddy,52,Female,Surat,Gujarat,Books,Novel,ORD100734,2025-02-18,3,399,1197.0,0,112.39,Debit Card,Completed,4,Email,Desktop
CUST10870,Diya Patil,53,Female,Jaipur,Rajasthan,Home,Cushion Set,ORD100735,2025-12-23,5,599,2995.0,0,475.2,UPI,Returned,4,Email,Tablet
CUST10836,Aryan Sharma,18,Male,Pune,Maharashtra,Fashion,T-Shirt,ORD100736,2025-02-15,3,599,1527.45,15,191.34,Cash on Delivery,Completed,4,Google Ads,Tablet
CUST10277,Ishaan Reddy,20,Male,Surat,Gujarat,Electronics,Wireless Headphones,ORD100737,2025-12-19,3,1499,4497.0,0,596.96,Credit Card,Completed,4,Instagram,Tablet
CUST10502,Rohan Joshi,27,Male,Bengaluru,Karnataka,Books,Business Book,ORD100738,2025-05-04,4,599,2396.0,0,441.71,Debit Card,Completed,5,Email,Tablet
CUST10996,Aditya Verma,36,Male,Bengaluru,Karnataka,Electronics,Bluetooth Speaker,ORD100739,2025-04-16,5,1999,9495.25,5,2012.01,Net Banking,Completed,3,Google Ads,Mobile
CUST10880,Meera Nair,42,Male,Mumbai,Maharashtra,Fashion,Jacket,ORD100740,2025-10-30,1,1899,1709.1,10,208.05,Debit Card,Completed,5,Email,Tablet
CUST10193,Riya Patil,26,Male,Bengaluru,Karnataka,Fashion,Sneakers,ORD100741,2025-09-20,4,2199,7476.6,15,1895.85,UPI,Completed,4,Email,Desktop
CUST10488,Kiara Kulkarni,24,Female,Nashik,Maharashtra,Fashion,Jacket,ORD100742,2025-08-24,1,1899,1899.0,0,243.29,Cash on Delivery,Completed,3,Organic Search,Desktop
CUST10280,Sara Patil,40,Male,Thane,Maharashtra,Beauty,Moisturizer,ORD100743,2025-09-18,2,499,848.3,15,153.07,Debit Card,Completed,4,Google Ads,Mobile
CUST10112,Isha Gupta,36,Female,Kolkata,West Bengal,Fashion,Jacket,ORD100744,2025-11-08,2,1899,3038.4,20,410.75,UPI,Completed,4,YouTube,Mobile
CUST10717,Arjun Sharma,20,Male,Pune,Maharashtra,Books,Python Book,ORD100745,2025-05-22,2,699,1398.0,0,260.62,Net Banking,Completed,5,Organic Search,Desktop
CUST10190,Ishaan Singh,31,Male,Pune,Maharashtra,Fashion,Jeans,ORD100746,2025-05-28,3,1299,3507.3,10,775.71,Cash on Delivery,Completed,3,YouTube,Tablet
CUST10439,Aryan Deshmukh,38,Female,Bengaluru,Karnataka,Electronics,Smart Watch,ORD100747,2025-03-14,2,2499,4498.2,10,1169.41,Debit Card,Returned,4,Google Ads,Mobile
CUST10839,Rahul Kulkarni,18,Male,Thane,Maharashtra,Books,Python Book,ORD100748,2025-05-07,4,699,2236.8,20,179.39,UPI,Completed,3,Facebook,Tablet
CUST10360,Riya Mehta,28,Male,Thane,Maharashtra,Fashion,T-Shirt,ORD100749,2025-06-21,1,599,539.1,10,129.8,Cash on Delivery,Completed,5,Email,Tablet
CUST10703,Aanya Singh,18,Female,Bengaluru,Karnataka,Home,Wall Clock,ORD100750,2025-11-02,3,699,1677.6,20,394.08,Cash on Delivery,Completed,4,YouTube,Tablet
CUST10212,Isha Nair,32,Male,Mumbai,Maharashtra,Fashion,Sneakers,ORD100751,2025-12-23,4,2199,8796.0,0,1133.57,UPI,Returned,3,Instagram,Desktop
CUST10401,Ishaan Reddy,58,Male,Kolkata,West Bengal,Books,Business Book,ORD100752,2025-12-14,5,599,2845.25,5,378.59,Cash on Delivery,Completed,4,Organic Search,Desktop
CUST10296,Vivaan Shah,51,Male,Thane,Maharashtra,Home,Storage Box,ORD100753,2025-10-18,1,899,764.15,15,182.68,UPI,Returned,3,Google Ads,Desktop
CUST10819,Meera Kulkarni,27,Male,Indore,Madhya Pradesh,Books,Python Book,ORD100754,2025-06-05,5,699,2796.0,20,595.17,Debit Card,Completed,3,Google Ads,Desktop
CUST10052,Siddharth Nair,55,Male,Mumbai,Maharashtra,Electronics,Wireless Headphones,ORD100755,2025-06-30,4,1499,5396.4,10,437.21,Debit Card,Completed,3,Instagram,Desktop
CUST10298,Riya Kulkarni,53,Female,Indore,Madhya Pradesh,Fashion,T-Shirt,ORD100756,2025-04-11,3,599,1707.15,5,476.61,Credit Card,Completed,3,Google Ads,Desktop
CUST10578,Aryan Jadhav,58,Female,Indore,Madhya Pradesh,Beauty,Perfume,ORD100757,2025-06-04,4,999,3996.0,0,1033.39,Net Banking,Completed,3,YouTube,Desktop
CUST10473,Kabir Verma,26,Male,Jaipur,Rajasthan,Beauty,Face Serum,ORD100758,2025-06-02,2,699,1258.2,10,177.41,Cash on Delivery,Completed,5,Instagram,Desktop
CUST10473,Arjun Deshmukh,51,Female,Jaipur,Rajasthan,Beauty,Shampoo,ORD100759,2025-08-07,5,599,2695.5,10,468.14,UPI,Completed,4,Facebook,Mobile
CUST10899,Aditya Jadhav,26,Female,Jaipur,Rajasthan,Books,Python Book,ORD100760,2025-03-07,2,699,1118.4,20,204.04,Debit Card,Completed,5,Google Ads,Desktop
CUST10100,Aarav Singh,51,Female,Nashik,Maharashtra,Beauty,Face Wash,ORD100761,2025-11-29,1,349,349.0,0,46.78,Debit Card,Completed,5,Facebook,Desktop
CUST10656,Vivaan Patil,55,Female,Ahmedabad,Gujarat,Books,Novel,ORD100762,2025-09-11,2,399,638.4,20,69.48,Credit Card,Completed,5,Email,Tablet
CUST10210,Priya Shah,30,Male,Thane,Maharashtra,Electronics,Wireless Headphones,ORD100763,2025-03-03,1,1499,1424.05,5,285.89,UPI,Completed,3,Organic Search,Mobile
CUST10698,Diya Sharma,25,Female,Surat,Gujarat,Home,Cushion Set,ORD100764,2025-10-07,4,599,2276.2,5,555.52,Net Banking,Completed,5,YouTube,Tablet
CUST10492,Rohan Kulkarni,19,Female,Pune,Maharashtra,Fashion,Jeans,ORD100765,2025-12-25,2,1299,2468.1,5,449.94,Debit Card,Completed,4,Email,Tablet
CUST10469,Aanya Kulkarni,35,Female,Pune,Maharashtra,Beauty,Perfume,ORD100766,2025-08-06,1,999,849.15,15,138.73,UPI,Completed,4,Facebook,Desktop
CUST10284,Vivaan Kulkarni,59,Female,Mumbai,Maharashtra,Books,Business Book,ORD100767,2025-08-28,1,599,539.1,10,146.94,UPI,Cancelled,4,Instagram,Desktop
CUST10348,Aanya Reddy,51,Male,Hyderabad,Telangana,Beauty,Face Serum,ORD100768,2025-06-30,1,699,664.05,5,140.24,Net Banking,Completed,5,YouTube,Mobile
CUST10795,Diya Patil,59,Female,Thane,Maharashtra,Beauty,Perfume,ORD100769,2025-10-22,4,999,3196.8,20,677.06,Cash on Delivery,Completed,5,Email,Mobile
CUST10109,Kiara Shah,40,Female,Ahmedabad,Gujarat,Books,Self Help Book,ORD100770,2025-03-23,4,449,1796.0,0,159.82,Net Banking,Completed,5,YouTube,Desktop
CUST10075,Aryan Patil,29,Male,Navi Mumbai,Maharashtra,Beauty,Perfume,ORD100771,2025-02-28,1,999,999.0,0,202.18,Net Banking,Completed,5,Email,Tablet
CUST10696,Rahul Joshi,24,Male,Kolkata,West Bengal,Beauty,Perfume,ORD100772,2025-04-11,2,999,1598.4,20,305.76,Debit Card,Completed,4,Instagram,Mobile
CUST10830,Isha Nair,51,Male,Ahmedabad,Gujarat,Fashion,T-Shirt,ORD100773,2025-12-09,5,599,2995.0,0,616.44,Credit Card,Completed,3,Google Ads,Desktop
CUST10513,Kiara Mehta,22,Female,Jaipur,Rajasthan,Home,Bedsheet,ORD100774,2025-04-17,5,1199,5095.75,15,601.44,Debit Card,Completed,4,Email,Tablet
CUST10511,Aditya Singh,45,Male,Indore,Madhya Pradesh,Beauty,Face Wash,ORD100775,2025-09-22,5,349,1745.0,0,183.99,Credit Card,Completed,3,Google Ads,Tablet
CUST10548,Aarav Gupta,36,Female,Hyderabad,Telangana,Home,Cushion Set,ORD100776,2025-03-22,3,599,1797.0,0,457.32,Cash on Delivery,Returned,1,Instagram,Tablet
CUST10347,Diya Shah,21,Female,Indore,Madhya Pradesh,Books,Novel,ORD100777,2025-05-15,5,399,1695.75,15,453.42,Net Banking,Completed,3,Email,Mobile
CUST10355,Rohan Gupta,53,Male,Navi Mumbai,Maharashtra,Home,Table Lamp,ORD100778,2025-10-16,2,799,1358.3,15,128.47,UPI,Cancelled,1,Organic Search,Tablet
CUST10490,Sara Singh,26,Male,Ahmedabad,Gujarat,Home,Table Lamp,ORD100779,2025-04-26,1,799,799.0,0,143.28,Debit Card,Completed,4,Instagram,Mobile
CUST10713,Aarav Jadhav,30,Male,Indore,Madhya Pradesh,Books,Self Help Book,ORD100780,2025-01-27,4,449,1796.0,0,342.14,Credit Card,Completed,4,Organic Search,Tablet
CUST10603,Arjun Singh,25,Male,Delhi,Delhi,Books,Python Book,ORD100781,2025-01-30,3,699,1992.15,5,296.08,UPI,Completed,3,Instagram,Desktop
CUST10617,Aarav Nair,33,Male,Ahmedabad,Gujarat,Electronics,Wireless Headphones,ORD100782,2025-05-25,1,1499,1424.05,5,238.83,Credit Card,Completed,4,Email,Mobile
CUST10920,Priya Kulkarni,25,Female,Chennai,Tamil Nadu,Electronics,Wireless Headphones,ORD100783,2025-12-28,3,1499,3597.6,20,435.93,Credit Card,Completed,4,Organic Search,Tablet
CUST10923,Sara Verma,59,Female,Thane,Maharashtra,Fashion,Backpack,ORD100784,2025-09-15,3,999,2697.3,10,592.2,Net Banking,Completed,4,YouTube,Tablet
CUST10037,Aditya Gupta,26,Female,Bengaluru,Karnataka,Books,Data Science Book,ORD100785,2025-07-10,3,799,1917.6,20,234.24,Credit Card,Completed,3,YouTube,Desktop
CUST10394,Arjun Sharma,49,Female,Kolkata,West Bengal,Electronics,Bluetooth Speaker,ORD100786,2025-02-13,3,1999,4797.6,20,752.43,Net Banking,Completed,5,Google Ads,Desktop
CUST10960,Vivaan Gupta,31,Female,Delhi,Delhi,Beauty,Moisturizer,ORD100787,2025-06-06,4,499,1596.8,20,144.43,UPI,Completed,4,Facebook,Desktop
CUST10398,Kiara Gupta,19,Female,Indore,Madhya Pradesh,Home,Storage Box,ORD100788,2025-01-30,4,899,3056.6,15,722.95,Debit Card,Completed,5,Facebook,Desktop
CUST10790,Rahul Khan,47,Female,Delhi,Delhi,Fashion,Jeans,ORD100789,2025-05-21,1,1299,1169.1,10,280.49,Cash on Delivery,Completed,3,Email,Desktop
CUST10857,Vivaan Shah,35,Female,Chennai,Tamil Nadu,Home,Wall Clock,ORD100790,2025-06-07,3,699,1677.6,20,138.35,Debit Card,Completed,4,Instagram,Desktop
CUST10284,Meera Sharma,47,Male,Bengaluru,Karnataka,Electronics,Bluetooth Speaker,ORD100791,2025-01-30,4,1999,6396.8,20,790.44,Cash on Delivery,Completed,3,Facebook,Desktop
CUST10051,Rahul Verma,35,Female,Pune,Maharashtra,Home,Cushion Set,ORD100792,2025-03-17,2,599,1138.1,5,234.53,Credit Card,Completed,5,Google Ads,Tablet
CUST10999,Riya Nair,46,Male,Mumbai,Maharashtra,Books,Python Book,ORD100793,2025-02-01,1,699,559.2,20,124.97,Debit Card,Returned,3,Google Ads,Tablet
CUST10243,Sara Pawar,20,Female,Surat,Gujarat,Books,Data Science Book,ORD100794,2025-08-16,3,799,2397.0,0,228.9,Credit Card,Completed,3,Email,Tablet
CUST10919,Aditya Kulkarni,45,Female,Navi Mumbai,Maharashtra,Home,Bedsheet,ORD100795,2025-07-04,1,1199,1079.1,10,217.32,Debit Card,Completed,4,Organic Search,Desktop
CUST10733,Rahul Joshi,20,Male,Chennai,Tamil Nadu,Home,Bedsheet,ORD100796,2025-04-19,5,1199,5995.0,0,606.97,Cash on Delivery,Completed,5,Facebook,Tablet
CUST10646,Diya Nair,55,Male,Navi Mumbai,Maharashtra,Electronics,Smart Watch,ORD100797,2025-04-25,4,2499,9996.0,0,2709.27,Cash on Delivery,Completed,5,YouTube,Desktop
CUST10301,Riya Jadhav,21,Male,Hyderabad,Telangana,Books,Business Book,ORD100798,2025-05-18,5,599,2396.0,20,403.02,Credit Card,Completed,5,Email,Mobile
CUST10937,Aryan Singh,38,Female,Jaipur,Rajasthan,Electronics,Smart Watch,ORD100799,2025-06-30,4,2499,8496.6,15,1294.68,Debit Card,Completed,3,YouTube,Desktop
CUST10142,Meera Jadhav,44,Male,Chennai,Tamil Nadu,Fashion,Backpack,ORD100800,2025-07-28,2,999,1598.4,20,206.18,Cash on Delivery,Completed,5,Email,Desktop
CUST10016,Arjun Patil,44,Female,Navi Mumbai,Maharashtra,Beauty,Face Serum,ORD100801,2025-04-12,2,699,1118.4,20,200.01,Credit Card,Cancelled,4,Google Ads,Desktop
CUST10363,Arjun Deshmukh,20,Female,Thane,Maharashtra,Beauty,Face Wash,ORD100802,2025-09-29,2,349,698.0,0,74.32,Credit Card,Cancelled,4,Organic Search,Tablet
CUST10973,Siddharth Patil,39,Male,Hyderabad,Telangana,Home,Storage Box,ORD100803,2025-01-24,5,899,3596.0,20,365.19,Net Banking,Completed,4,Organic Search,Tablet
CUST10691,Siddharth Jadhav,48,Female,Bengaluru,Karnataka,Fashion,Jeans,ORD100804,2025-01-04,5,1299,5196.0,20,502.75,Net Banking,Completed,4,Organic Search,Desktop
CUST10594,Riya Pawar,55,Male,Bengaluru,Karnataka,Home,Table Lamp,ORD100805,2025-01-25,2,799,1438.2,10,256.95,Cash on Delivery,Completed,5,Organic Search,Desktop
CUST10102,Ananya Jadhav,29,Female,Navi Mumbai,Maharashtra,Fashion,T-Shirt,ORD100806,2025-10-22,2,599,1018.3,15,187.19,Debit Card,Completed,4,Email,Mobile
CUST10145,Ishaan Singh,46,Female,Pune,Maharashtra,Fashion,Jeans,ORD100807,2025-02-24,3,1299,3507.3,10,974.19,UPI,Cancelled,3,Instagram,Tablet
CUST10965,Aarav Shah,20,Male,Surat,Gujarat,Books,Self Help Book,ORD100808,2025-01-14,2,449,898.0,0,159.55,Cash on Delivery,Completed,4,Organic Search,Tablet
CUST10992,Meera Verma,25,Male,Bengaluru,Karnataka,Electronics,Power Bank,ORD100809,2025-03-12,4,899,3056.6,15,405.34,Debit Card,Returned,1,Google Ads,Tablet
CUST10724,Aditya Joshi,28,Male,Jaipur,Rajasthan,Books,Python Book,ORD100810,2025-09-20,3,699,1782.45,15,367.41,Debit Card,Completed,3,Google Ads,Desktop
CUST10482,Kabir Nair,53,Female,Pune,Maharashtra,Electronics,Wireless Headphones,ORD100811,2025-04-23,2,1499,2848.1,5,561.84,Credit Card,Completed,4,Organic Search,Mobile
CUST10728,Siddharth Deshmukh,30,Female,Ahmedabad,Gujarat,Electronics,USB-C Hub,ORD100812,2025-09-09,2,1299,2598.0,0,433.51,Credit Card,Completed,3,Google Ads,Desktop
CUST10897,Nisha Khan,58,Female,Ahmedabad,Gujarat,Books,Data Science Book,ORD100813,2025-04-03,3,799,2037.45,15,379.15,Debit Card,Completed,3,YouTube,Desktop
CUST10334,Nisha Joshi,52,Female,Bengaluru,Karnataka,Beauty,Shampoo,ORD100814,2025-05-28,1,599,569.05,5,58.31,Credit Card,Completed,4,YouTube,Desktop
CUST10616,Meera Joshi,60,Male,Pune,Maharashtra,Electronics,Bluetooth Speaker,ORD100815,2025-09-05,4,1999,7596.2,5,1783.1,Net Banking,Completed,4,YouTube,Mobile
CUST10436,Ishaan Mehta,31,Female,Mumbai,Maharashtra,Beauty,Face Wash,ORD100816,2025-06-12,5,349,1570.5,10,207.81,Net Banking,Completed,4,Email,Mobile
CUST10113,Aryan Joshi,58,Female,Thane,Maharashtra,Electronics,Bluetooth Speaker,ORD100817,2025-03-27,4,1999,6796.6,15,844.56,Cash on Delivery,Completed,5,Facebook,Desktop
CUST10549,Aarav Jadhav,42,Male,Nashik,Maharashtra,Electronics,Bluetooth Speaker,ORD100818,2025-01-26,3,1999,4797.6,20,444.7,Credit Card,Completed,4,Instagram,Tablet
CUST10866,Siddharth Jadhav,28,Male,Delhi,Delhi,Home,Wall Clock,ORD100819,2025-05-08,4,699,2656.2,5,506.25,UPI,Cancelled,1,Facebook,Mobile
CUST10768,Priya Sharma,28,Female,Hyderabad,Telangana,Home,Wall Clock,ORD100820,2025-12-19,1,699,664.05,5,137.0,UPI,Completed,4,Organic Search,Tablet
CUST10098,Ishaan Nair,23,Male,Delhi,Delhi,Electronics,Wireless Headphones,ORD100821,2025-10-05,5,1499,6370.75,15,535.34,Cash on Delivery,Completed,3,Organic Search,Mobile
CUST10386,Ananya Khan,50,Female,Surat,Gujarat,Electronics,Bluetooth Speaker,ORD100822,2025-05-16,3,1999,5097.45,15,614.41,Debit Card,Returned,4,Organic Search,Mobile
CUST10782,Sara Verma,48,Female,Nagpur,Maharashtra,Home,Storage Box,ORD100823,2025-09-12,5,899,4270.25,5,668.22,Cash on Delivery,Completed,4,YouTube,Mobile
CUST10830,Kiara Sharma,43,Male,Bengaluru,Karnataka,Fashion,Jacket,ORD100824,2025-11-26,3,1899,4842.45,15,932.8,UPI,Completed,3,Google Ads,Tablet
CUST10779,Priya Shah,33,Male,Nashik,Maharashtra,Electronics,Smart Watch,ORD100825,2025-09-25,4,2499,7996.8,20,1980.12,Credit Card,Completed,5,Google Ads,Desktop
CUST10774,Siddharth Pawar,39,Female,Thane,Maharashtra,Fashion,T-Shirt,ORD100826,2025-01-03,3,599,1437.6,20,287.15,Cash on Delivery,Completed,3,Organic Search,Tablet
CUST10131,Aryan Joshi,47,Female,Bengaluru,Karnataka,Beauty,Face Serum,ORD100827,2025-08-06,5,699,3495.0,0,923.54,UPI,Completed,4,Instagram,Tablet
CUST10896,Rahul Gupta,46,Male,Ahmedabad,Gujarat,Electronics,Wireless Headphones,ORD100828,2025-09-26,4,1499,5096.6,15,581.75,Cash on Delivery,Completed,5,Organic Search,Desktop
CUST10298,Arjun Khan,36,Female,Mumbai,Maharashtra,Home,Storage Box,ORD100829,2025-10-16,3,899,2157.6,20,556.46,Cash on Delivery,Completed,3,YouTube,Mobile
CUST10850,Riya Shah,34,Female,Jaipur,Rajasthan,Beauty,Perfume,ORD100830,2025-03-11,2,999,1798.2,10,477.27,Net Banking,Completed,5,Google Ads,Desktop
CUST10063,Rohan Singh,22,Male,Delhi,Delhi,Electronics,Bluetooth Speaker,ORD100831,2025-10-03,2,1999,3798.1,5,831.06,Cash on Delivery,Completed,3,Organic Search,Tablet
CUST10377,Aanya Kulkarni,53,Male,Nashik,Maharashtra,Fashion,Sneakers,ORD100832,2025-08-07,1,2199,2089.05,5,281.85,Cash on Delivery,Completed,4,Organic Search,Desktop
CUST10602,Aditya Shah,27,Male,Hyderabad,Telangana,Electronics,Smart Watch,ORD100833,2025-02-22,3,2499,7122.15,5,944.31,Net Banking,Completed,5,Email,Tablet
CUST10147,Nisha Kulkarni,48,Female,Jaipur,Rajasthan,Fashion,Jeans,ORD100834,2025-02-16,1,1299,1234.05,5,342.84,Credit Card,Cancelled,2,Organic Search,Mobile
CUST10387,Vivaan Deshmukh,50,Male,Navi Mumbai,Maharashtra,Beauty,Perfume,ORD100835,2025-03-02,4,999,3596.4,10,505.34,Net Banking,Completed,4,YouTube,Desktop
CUST10574,Riya Joshi,51,Female,Navi Mumbai,Maharashtra,Electronics,USB-C Hub,ORD100836,2025-05-23,2,1299,2468.1,5,664.16,Net Banking,Completed,4,Organic Search,Tablet
CUST10219,Arjun Mehta,45,Female,Jaipur,Rajasthan,Home,Bedsheet,ORD100837,2025-12-10,1,1199,1079.1,10,270.93,Cash on Delivery,Completed,4,Facebook,Mobile
CUST10933,Rahul Reddy,18,Female,Delhi,Delhi,Fashion,Jacket,ORD100838,2025-10-28,3,1899,4557.6,20,542.25,Debit Card,Completed,3,Email,Tablet
CUST10059,Nisha Verma,20,Male,Indore,Madhya Pradesh,Home,Cushion Set,ORD100839,2025-12-27,4,599,2396.0,0,668.84,Cash on Delivery,Completed,5,Google Ads,Tablet
CUST10916,Nisha Kulkarni,47,Female,Indore,Madhya Pradesh,Beauty,Moisturizer,ORD100840,2025-01-20,4,499,1596.8,20,385.61,Credit Card,Completed,5,YouTube,Tablet
CUST10671,Aditya Khan,25,Male,Nashik,Maharashtra,Electronics,Power Bank,ORD100841,2025-10-06,1,899,809.1,10,80.5,Cash on Delivery,Completed,3,YouTube,Mobile
CUST10198,Rahul Reddy,55,Female,Navi Mumbai,Maharashtra,Home,Storage Box,ORD100842,2025-12-08,1,899,764.15,15,124.77,Cash on Delivery,Completed,3,Instagram,Tablet
CUST10319,Rahul Singh,20,Male,Thane,Maharashtra,Home,Storage Box,ORD100843,2025-11-22,2,899,1438.4,20,232.81,Debit Card,Completed,3,Facebook,Desktop
CUST10326,Meera Shah,23,Female,Pune,Maharashtra,Books,Business Book,ORD100844,2025-04-04,1,599,599.0,0,157.9,Cash on Delivery,Completed,3,YouTube,Mobile
CUST10766,Aarav Gupta,58,Male,Jaipur,Rajasthan,Home,Cushion Set,ORD100845,2025-12-15,1,599,569.05,5,80.55,Credit Card,Completed,3,Email,Mobile
CUST10303,Rahul Verma,26,Female,Delhi,Delhi,Books,Python Book,ORD100846,2025-05-20,4,699,2656.2,5,656.23,Debit Card,Cancelled,2,YouTube,Desktop
CUST10973,Priya Joshi,55,Male,Thane,Maharashtra,Home,Wall Clock,ORD100847,2025-12-18,5,699,2970.75,15,730.51,Cash on Delivery,Completed,3,Organic Search,Mobile
CUST10265,Isha Joshi,59,Male,Hyderabad,Telangana,Home,Bedsheet,ORD100848,2025-05-18,3,1199,2877.6,20,547.67,Credit Card,Completed,3,Organic Search,Desktop
CUST10603,Riya Kulkarni,58,Male,Mumbai,Maharashtra,Fashion,Jacket,ORD100849,2025-07-10,2,1899,3228.3,15,637.15,UPI,Completed,5,Email,Tablet
CUST10560,Aarav Deshmukh,44,Female,Pune,Maharashtra,Beauty,Shampoo,ORD100850,2025-07-03,3,599,1797.0,0,211.01,Credit Card,Completed,4,Google Ads,Desktop
CUST10411,Kiara Shah,45,Female,Jaipur,Rajasthan,Beauty,Perfume,ORD100851,2025-11-04,2,999,1798.2,10,404.01,Debit Card,Completed,5,Google Ads,Mobile
CUST10975,Isha Khan,35,Male,Jaipur,Rajasthan,Books,Business Book,ORD100852,2025-03-27,5,599,2995.0,0,337.85,Cash on Delivery,Cancelled,2,Instagram,Mobile
CUST10905,Vivaan Patil,37,Female,Kolkata,West Bengal,Fashion,Sneakers,ORD100853,2025-01-01,4,2199,7476.6,15,845.37,Credit Card,Completed,3,Email,Desktop
CUST10353,Aryan Nair,31,Male,Pune,Maharashtra,Beauty,Face Wash,ORD100854,2025-07-11,2,349,663.1,5,143.85,UPI,Completed,3,Organic Search,Tablet
CUST10410,Kabir Reddy,48,Female,Kolkata,West Bengal,Beauty,Perfume,ORD100855,2025-06-12,2,999,1998.0,0,314.71,Debit Card,Completed,3,Email,Tablet
CUST10378,Nisha Khan,52,Female,Ahmedabad,Gujarat,Electronics,Bluetooth Speaker,ORD100856,2025-11-08,4,1999,6396.8,20,546.15,Debit Card,Completed,3,Email,Tablet
CUST10348,Nisha Shah,43,Male,Surat,Gujarat,Electronics,Smart Watch,ORD100857,2025-04-19,2,2499,4248.3,15,499.58,Net Banking,Completed,3,YouTube,Mobile
CUST10477,Siddharth Verma,42,Male,Delhi,Delhi,Beauty,Face Wash,ORD100858,2025-07-23,3,349,889.95,15,103.15,UPI,Completed,3,Email,Tablet
CUST10670,Diya Jadhav,18,Male,Ahmedabad,Gujarat,Fashion,Sneakers,ORD100859,2025-12-18,2,2199,3518.4,20,638.22,Net Banking,Completed,4,Organic Search,Mobile
CUST10996,Ishaan Pawar,58,Female,Thane,Maharashtra,Electronics,USB-C Hub,ORD100860,2025-08-31,4,1299,4156.8,20,642.5,Debit Card,Completed,5,Google Ads,Mobile
CUST10446,Aditya Deshmukh,18,Female,Delhi,Delhi,Home,Storage Box,ORD100861,2025-11-11,3,899,2562.15,5,468.82,UPI,Completed,4,Organic Search,Desktop
CUST10556,Priya Singh,41,Male,Mumbai,Maharashtra,Electronics,USB-C Hub,ORD100862,2025-12-12,3,1299,3507.3,10,579.2,Debit Card,Completed,3,Instagram,Desktop
CUST10255,Aarav Singh,38,Female,Navi Mumbai,Maharashtra,Home,Table Lamp,ORD100863,2025-01-19,5,799,3995.0,0,605.04,Credit Card,Completed,4,Google Ads,Tablet
CUST10042,Rohan Kulkarni,49,Male,Pune,Maharashtra,Beauty,Shampoo,ORD100864,2025-05-05,3,599,1527.45,15,332.68,UPI,Cancelled,4,Email,Desktop
CUST10411,Nisha Pawar,58,Male,Mumbai,Maharashtra,Electronics,Power Bank,ORD100865,2025-11-23,5,899,4495.0,0,663.26,UPI,Completed,4,Instagram,Tablet
CUST10384,Isha Patil,30,Male,Thane,Maharashtra,Books,Python Book,ORD100866,2025-05-05,3,699,1677.6,20,306.68,Cash on Delivery,Completed,3,Organic Search,Mobile
CUST10006,Ishaan Pawar,29,Female,Jaipur,Rajasthan,Home,Storage Box,ORD100867,2025-04-03,1,899,719.2,20,114.88,Net Banking,Completed,4,Instagram,Mobile
CUST10066,Rohan Verma,35,Female,Jaipur,Rajasthan,Beauty,Face Serum,ORD100868,2025-01-10,3,699,2097.0,0,260.58,Cash on Delivery,Completed,3,Email,Tablet
CUST10328,Kiara Khan,58,Female,Ahmedabad,Gujarat,Books,Python Book,ORD100869,2025-10-13,5,699,2970.75,15,520.24,Debit Card,Completed,4,Organic Search,Mobile
CUST10575,Kabir Mehta,28,Female,Bengaluru,Karnataka,Beauty,Shampoo,ORD100870,2025-10-20,4,599,2396.0,0,508.29,Debit Card,Returned,4,Google Ads,Mobile
CUST10442,Siddharth Verma,38,Female,Ahmedabad,Gujarat,Beauty,Perfume,ORD100871,2025-03-27,1,999,949.05,5,194.53,Net Banking,Completed,5,Google Ads,Desktop
CUST10585,Aryan Khan,52,Female,Hyderabad,Telangana,Fashion,Jacket,ORD100872,2025-04-22,5,1899,9495.0,0,943.76,Debit Card,Completed,3,Instagram,Mobile
CUST10906,Sara Khan,40,Female,Jaipur,Rajasthan,Fashion,Jacket,ORD100873,2025-07-05,5,1899,8545.5,10,1229.53,Debit Card,Completed,5,Facebook,Tablet
CUST10546,Aryan Nair,43,Female,Hyderabad,Telangana,Beauty,Perfume,ORD100874,2025-04-01,3,999,2547.45,15,283.77,Debit Card,Completed,3,Organic Search,Tablet
CUST10635,Diya Shah,59,Male,Nashik,Maharashtra,Beauty,Perfume,ORD100875,2025-11-13,4,999,3796.2,5,786.89,Cash on Delivery,Completed,5,Google Ads,Tablet
CUST10905,Aarav Joshi,57,Female,Chennai,Tamil Nadu,Fashion,Jeans,ORD100876,2025-07-09,5,1299,5520.75,15,1197.3,Net Banking,Completed,5,Facebook,Tablet
CUST10212,Rahul Singh,41,Male,Surat,Gujarat,Fashion,Jeans,ORD100877,2025-05-31,4,1299,4936.2,5,713.5,Cash on Delivery,Completed,3,Organic Search,Desktop
CUST10986,Aryan Jadhav,29,Female,Nagpur,Maharashtra,Beauty,Face Serum,ORD100878,2025-03-23,1,699,559.2,20,138.44,UPI,Completed,5,Google Ads,Tablet
CUST10732,Riya Singh,42,Female,Mumbai,Maharashtra,Electronics,Power Bank,ORD100879,2025-11-07,3,899,2157.6,20,224.81,UPI,Completed,5,Organic Search,Desktop
CUST10107,Siddharth Jadhav,43,Male,Surat,Gujarat,Electronics,Bluetooth Speaker,ORD100880,2025-08-14,4,1999,6396.8,20,1316.8,Credit Card,Completed,3,Email,Tablet
CUST10076,Rahul Joshi,44,Male,Jaipur,Rajasthan,Home,Bedsheet,ORD100881,2025-02-19,2,1199,2038.3,15,248.71,Net Banking,Completed,5,YouTube,Desktop
CUST10152,Ishaan Joshi,36,Male,Jaipur,Rajasthan,Beauty,Shampoo,ORD100882,2025-11-01,4,599,2156.4,10,417.58,Cash on Delivery,Completed,3,Email,Mobile
CUST10762,Kiara Joshi,36,Female,Nagpur,Maharashtra,Home,Bedsheet,ORD100883,2025-08-14,5,1199,5395.5,10,944.52,Credit Card,Completed,3,Instagram,Tablet
CUST10521,Ishaan Kulkarni,32,Female,Thane,Maharashtra,Electronics,Smart Watch,ORD100884,2025-01-07,5,2499,11245.5,10,1233.32,Cash on Delivery,Completed,5,Organic Search,Desktop
CUST10494,Aanya Kulkarni,27,Male,Chennai,Tamil Nadu,Books,Self Help Book,ORD100885,2025-09-06,3,449,1077.6,20,166.89,Credit Card,Completed,5,Organic Search,Desktop
CUST10511,Ananya Gupta,37,Male,Mumbai,Maharashtra,Fashion,Jeans,ORD100886,2025-03-03,2,1299,2338.2,10,471.68,Net Banking,Completed,4,Facebook,Tablet
CUST10567,Riya Reddy,32,Male,Indore,Madhya Pradesh,Fashion,Sneakers,ORD100887,2025-06-18,1,2199,1869.15,15,383.7,Cash on Delivery,Completed,4,YouTube,Tablet
CUST10879,Vivaan Singh,54,Male,Surat,Gujarat,Books,Data Science Book,ORD100888,2025-04-04,2,799,1438.2,10,344.38,Credit Card,Completed,5,Instagram,Tablet
CUST10536,Rahul Sharma,56,Female,Ahmedabad,Gujarat,Home,Storage Box,ORD100889,2025-02-02,3,899,2697.0,0,616.59,Debit Card,Cancelled,2,Google Ads,Mobile
CUST10075,Kiara Jadhav,55,Male,Nagpur,Maharashtra,Beauty,Perfume,ORD100890,2025-01-27,1,999,799.2,20,204.86,Credit Card,Completed,5,Organic Search,Mobile
CUST10882,Priya Gupta,24,Male,Bengaluru,Karnataka,Books,Self Help Book,ORD100891,2025-10-19,2,449,718.4,20,127.48,UPI,Completed,4,YouTube,Desktop
CUST10181,Kiara Jadhav,58,Male,Jaipur,Rajasthan,Books,Business Book,ORD100892,2025-11-04,1,599,539.1,10,124.48,Debit Card,Completed,5,Facebook,Desktop
CUST10500,Siddharth Verma,52,Female,Hyderabad,Telangana,Fashion,Sneakers,ORD100893,2025-11-17,3,2199,5277.6,20,953.2,UPI,Completed,3,Email,Tablet
CUST10199,Rahul Deshmukh,22,Female,Bengaluru,Karnataka,Beauty,Shampoo,ORD100894,2025-12-18,1,599,509.15,15,75.6,UPI,Completed,3,Instagram,Mobile
CUST10197,Ananya Jadhav,51,Female,Thane,Maharashtra,Beauty,Face Wash,ORD100895,2025-12-11,3,349,837.6,20,102.24,Net Banking,Completed,3,Instagram,Mobile
CUST10380,Ananya Mehta,48,Male,Chennai,Tamil Nadu,Books,Business Book,ORD100896,2025-08-30,3,599,1707.15,5,455.07,Credit Card,Cancelled,3,Email,Desktop
CUST10363,Ananya Singh,37,Female,Ahmedabad,Gujarat,Beauty,Face Serum,ORD100897,2025-07-26,4,699,2376.6,15,192.82,Credit Card,Completed,4,Organic Search,Desktop
CUST10757,Kabir Kulkarni,34,Male,Mumbai,Maharashtra,Home,Wall Clock,ORD100898,2025-07-15,1,699,629.1,10,104.12,Credit Card,Completed,5,Instagram,Tablet
CUST10800,Ishaan Patil,22,Female,Hyderabad,Telangana,Fashion,Jeans,ORD100899,2025-10-31,3,1299,3312.45,15,888.73,Net Banking,Completed,3,YouTube,Tablet
CUST10946,Ishaan Shah,55,Male,Bengaluru,Karnataka,Beauty,Face Wash,ORD100900,2025-05-22,1,349,349.0,0,72.57,Debit Card,Completed,4,Google Ads,Desktop
CUST10336,Ananya Jadhav,44,Male,Nashik,Maharashtra,Fashion,Jeans,ORD100901,2025-10-15,5,1299,5845.5,10,1138.81,Cash on Delivery,Completed,3,Facebook,Tablet
CUST10342,Aarav Deshmukh,22,Female,Thane,Maharashtra,Home,Wall Clock,ORD100902,2025-08-28,4,699,2656.2,5,310.32,Credit Card,Completed,4,YouTube,Tablet
CUST10062,Nisha Pawar,19,Female,Thane,Maharashtra,Fashion,T-Shirt,ORD100903,2025-09-07,4,599,2036.6,15,324.35,Cash on Delivery,Completed,5,Email,Mobile
CUST10095,Vivaan Mehta,38,Female,Chennai,Tamil Nadu,Books,Business Book,ORD100904,2025-02-04,3,599,1437.6,20,210.97,Cash on Delivery,Completed,5,Google Ads,Tablet
CUST10156,Kiara Reddy,47,Male,Nashik,Maharashtra,Books,Data Science Book,ORD100905,2025-08-27,1,799,679.15,15,165.41,Debit Card,Completed,5,Google Ads,Mobile
CUST10331,Meera Mehta,45,Female,Kolkata,West Bengal,Electronics,Power Bank,ORD100906,2025-07-19,5,899,4045.5,10,328.78,Net Banking,Completed,3,Instagram,Desktop
CUST10212,Kiara Kulkarni,38,Male,Surat,Gujarat,Books,Business Book,ORD100907,2025-10-23,2,599,958.4,20,254.04,Debit Card,Completed,3,Instagram,Mobile
CUST10278,Rohan Mehta,40,Male,Mumbai,Maharashtra,Electronics,Bluetooth Speaker,ORD100908,2025-04-14,3,1999,5697.15,5,1205.71,Credit Card,Completed,4,Instagram,Desktop
CUST10790,Meera Patil,42,Male,Mumbai,Maharashtra,Electronics,Power Bank,ORD100909,2025-08-13,2,899,1528.3,15,137.31,Net Banking,Completed,3,Facebook,Mobile
CUST10768,Riya Reddy,55,Male,Pune,Maharashtra,Books,Novel,ORD100910,2025-09-08,2,399,758.1,5,78.9,Debit Card,Completed,4,Organic Search,Mobile
CUST10985,Riya Joshi,48,Male,Nagpur,Maharashtra,Home,Storage Box,ORD100911,2025-07-14,1,899,764.15,15,63.6,UPI,Completed,4,Email,Desktop
CUST10748,Isha Nair,59,Male,Thane,Maharashtra,Home,Bedsheet,ORD100912,2025-01-09,1,1199,1019.15,15,260.08,Debit Card,Returned,3,Google Ads,Mobile
CUST10888,Rahul Shah,18,Male,Surat,Gujarat,Fashion,Backpack,ORD100913,2025-01-20,2,999,1898.1,5,415.71,Debit Card,Completed,3,Email,Tablet
CUST10510,Isha Deshmukh,29,Male,Delhi,Delhi,Books,Data Science Book,ORD100914,2025-02-26,2,799,1438.2,10,367.91,Credit Card,Completed,3,Email,Desktop
CUST10936,Ishaan Shah,38,Female,Kolkata,West Bengal,Electronics,Wireless Headphones,ORD100915,2025-01-18,3,1499,4497.0,0,1159.17,Net Banking,Completed,3,Google Ads,Tablet
CUST10426,Rahul Patil,18,Male,Delhi,Delhi,Home,Bedsheet,ORD100916,2025-02-27,1,1199,1019.15,15,282.96,Cash on Delivery,Returned,4,Organic Search,Mobile
CUST10490,Siddharth Singh,48,Male,Surat,Gujarat,Home,Bedsheet,ORD100917,2025-11-11,3,1199,2877.6,20,440.61,Net Banking,Completed,3,YouTube,Tablet
CUST10256,Aryan Mehta,26,Male,Nagpur,Maharashtra,Fashion,Jeans,ORD100918,2025-05-25,1,1299,1299.0,0,290.27,Credit Card,Cancelled,1,Email,Mobile
CUST10336,Ananya Pawar,47,Female,Ahmedabad,Gujarat,Books,Self Help Book,ORD100919,2025-05-17,5,449,1796.0,20,498.44,Net Banking,Completed,3,Email,Tablet
CUST10012,Diya Kulkarni,21,Male,Nashik,Maharashtra,Fashion,Jeans,ORD100920,2025-05-02,1,1299,1234.05,5,255.36,Cash on Delivery,Completed,4,Organic Search,Desktop
CUST10287,Kabir Kulkarni,54,Female,Surat,Gujarat,Beauty,Perfume,ORD100921,2025-10-07,2,999,1698.3,15,346.9,Cash on Delivery,Completed,5,Email,Desktop
CUST10437,Ishaan Joshi,49,Male,Indore,Madhya Pradesh,Books,Business Book,ORD100922,2025-05-15,1,599,539.1,10,125.42,UPI,Completed,4,Facebook,Mobile
CUST10963,Meera Nair,25,Male,Pune,Maharashtra,Electronics,USB-C Hub,ORD100923,2025-06-07,3,1299,3702.15,5,942.79,UPI,Completed,5,Facebook,Mobile
CUST10538,Rohan Nair,32,Male,Delhi,Delhi,Electronics,Smart Watch,ORD100924,2025-03-19,3,2499,5997.6,20,1200.64,UPI,Completed,5,Facebook,Desktop
CUST10435,Riya Deshmukh,41,Male,Hyderabad,Telangana,Fashion,T-Shirt,ORD100925,2025-03-19,2,599,958.4,20,120.04,Credit Card,Completed,5,Email,Mobile
CUST10726,Diya Reddy,51,Female,Delhi,Delhi,Beauty,Perfume,ORD100926,2025-06-03,4,999,3596.4,10,385.62,Cash on Delivery,Completed,4,YouTube,Desktop
CUST10662,Vivaan Jadhav,44,Male,Nagpur,Maharashtra,Fashion,Jeans,ORD100927,2025-05-05,4,1299,4936.2,5,1149.73,Net Banking,Completed,3,Organic Search,Tablet
CUST10211,Aanya Patil,32,Male,Nagpur,Maharashtra,Home,Bedsheet,ORD100928,2025-10-27,4,1199,4796.0,0,1080.04,Net Banking,Cancelled,2,Instagram,Tablet
CUST10449,Aarav Kulkarni,25,Female,Thane,Maharashtra,Books,Python Book,ORD100929,2025-11-03,5,699,3495.0,0,818.99,Debit Card,Completed,5,Google Ads,Tablet
CUST10898,Rohan Patil,39,Female,Ahmedabad,Gujarat,Home,Table Lamp,ORD100930,2025-08-27,4,799,2876.4,10,295.03,Net Banking,Completed,3,Email,Mobile
CUST10108,Aditya Pawar,56,Male,Hyderabad,Telangana,Books,Python Book,ORD100931,2025-08-10,2,699,1188.3,15,293.92,Debit Card,Completed,5,YouTube,Tablet
CUST10227,Riya Joshi,44,Female,Thane,Maharashtra,Home,Wall Clock,ORD100932,2025-09-06,1,699,699.0,0,70.06,Cash on Delivery,Completed,4,Organic Search,Tablet
CUST10111,Priya Mehta,56,Male,Thane,Maharashtra,Books,Business Book,ORD100933,2025-12-08,5,599,2396.0,20,608.77,Cash on Delivery,Completed,5,YouTube,Mobile
CUST10873,Arjun Jadhav,33,Male,Chennai,Tamil Nadu,Home,Storage Box,ORD100934,2025-01-21,5,899,3820.75,15,928.66,Net Banking,Completed,4,Facebook,Tablet
CUST10822,Isha Kulkarni,19,Female,Mumbai,Maharashtra,Fashion,Backpack,ORD100935,2025-06-18,2,999,1998.0,0,411.8,UPI,Completed,4,YouTube,Desktop
CUST10270,Aanya Nair,40,Female,Surat,Gujarat,Home,Bedsheet,ORD100936,2025-06-16,3,1199,3057.45,15,723.83,Credit Card,Completed,5,Instagram,Tablet
CUST10325,Diya Jadhav,40,Female,Jaipur,Rajasthan,Fashion,Jacket,ORD100937,2025-10-03,1,1899,1709.1,10,256.98,Debit Card,Completed,3,Google Ads,Tablet
CUST10918,Ananya Shah,49,Female,Pune,Maharashtra,Fashion,Jacket,ORD100938,2025-09-06,2,1899,3418.2,10,858.64,Debit Card,Completed,4,Instagram,Mobile
CUST10713,Arjun Gupta,55,Male,Navi Mumbai,Maharashtra,Home,Storage Box,ORD100939,2025-10-03,5,899,4045.5,10,935.94,UPI,Completed,5,Instagram,Mobile
CUST10835,Ishaan Deshmukh,39,Female,Pune,Maharashtra,Books,Python Book,ORD100940,2025-02-23,4,699,2656.2,5,701.91,Debit Card,Completed,5,Facebook,Tablet
CUST10252,Aryan Singh,20,Female,Pune,Maharashtra,Fashion,Backpack,ORD100941,2025-04-25,2,999,1798.2,10,153.34,Credit Card,Completed,3,Organic Search,Tablet
CUST10197,Rohan Sharma,36,Male,Jaipur,Rajasthan,Fashion,T-Shirt,ORD100942,2025-08-01,5,599,2545.75,15,630.29,Net Banking,Completed,5,Instagram,Tablet
CUST10079,Kiara Reddy,42,Female,Chennai,Tamil Nadu,Home,Wall Clock,ORD100943,2025-05-01,3,699,1782.45,15,274.58,Credit Card,Completed,4,Email,Tablet
CUST10735,Arjun Reddy,50,Male,Nagpur,Maharashtra,Beauty,Face Serum,ORD100944,2025-11-06,3,699,2097.0,0,506.32,Cash on Delivery,Completed,4,Instagram,Desktop
CUST10573,Meera Shah,46,Male,Thane,Maharashtra,Beauty,Face Serum,ORD100945,2025-03-29,4,699,2796.0,0,756.69,UPI,Completed,4,Email,Desktop
CUST10442,Aditya Kulkarni,40,Male,Surat,Gujarat,Electronics,Bluetooth Speaker,ORD100946,2025-01-15,5,1999,8995.5,10,2424.02,Credit Card,Completed,4,Organic Search,Mobile
CUST10601,Siddharth Mehta,37,Female,Kolkata,West Bengal,Home,Bedsheet,ORD100947,2025-03-15,5,1199,4796.0,20,1291.34,Debit Card,Completed,5,Google Ads,Tablet
CUST10793,Kiara Patil,22,Female,Mumbai,Maharashtra,Books,Novel,ORD100948,2025-04-10,5,399,1695.75,15,383.37,Credit Card,Completed,5,Instagram,Mobile
CUST10868,Arjun Joshi,23,Female,Kolkata,West Bengal,Electronics,Power Bank,ORD100949,2025-07-15,5,899,3820.75,15,920.73,Debit Card,Completed,3,Instagram,Mobile
CUST10649,Rahul Pawar,45,Female,Thane,Maharashtra,Home,Cushion Set,ORD100950,2025-04-13,1,599,569.05,5,75.17,UPI,Completed,5,Email,Desktop
CUST10013,Riya Verma,19,Male,Jaipur,Rajasthan,Books,Novel,ORD100951,2025-02-18,5,399,1995.0,0,432.0,UPI,Completed,5,Email,Desktop
CUST10100,Kiara Shah,41,Male,Thane,Maharashtra,Electronics,Smart Watch,ORD100952,2025-10-02,2,2499,3998.4,20,718.27,Credit Card,Completed,4,Facebook,Desktop
CUST10827,Meera Pawar,29,Male,Chennai,Tamil Nadu,Books,Data Science Book,ORD100953,2025-10-03,4,799,3196.0,0,653.32,Debit Card,Cancelled,1,Email,Mobile
CUST10951,Kiara Mehta,28,Male,Navi Mumbai,Maharashtra,Electronics,Power Bank,ORD100954,2025-11-10,2,899,1438.4,20,159.74,Cash on Delivery,Cancelled,4,Organic Search,Desktop
CUST10831,Ananya Gupta,41,Male,Pune,Maharashtra,Fashion,Jeans,ORD100955,2025-01-22,4,1299,4936.2,5,1178.82,Cash on Delivery,Completed,4,Google Ads,Tablet
CUST10782,Riya Shah,54,Female,Pune,Maharashtra,Books,Self Help Book,ORD100956,2025-05-25,4,449,1436.8,20,299.77,Credit Card,Completed,4,Email,Tablet
CUST10510,Isha Khan,23,Female,Delhi,Delhi,Beauty,Face Wash,ORD100957,2025-09-05,4,349,1396.0,0,201.45,Debit Card,Completed,4,YouTube,Tablet
CUST10990,Kabir Patil,37,Male,Mumbai,Maharashtra,Books,Self Help Book,ORD100958,2025-01-25,5,449,2132.75,5,444.01,Debit Card,Completed,3,Organic Search,Mobile
CUST10469,Isha Pawar,50,Male,Navi Mumbai,Maharashtra,Books,Data Science Book,ORD100959,2025-01-23,5,799,3595.5,10,777.44,Credit Card,Cancelled,1,Instagram,Tablet
CUST10947,Kabir Singh,31,Male,Navi Mumbai,Maharashtra,Books,Self Help Book,ORD100960,2025-04-16,1,449,449.0,0,118.72,Debit Card,Cancelled,1,Google Ads,Mobile
CUST10904,Rahul Khan,32,Female,Kolkata,West Bengal,Home,Cushion Set,ORD100961,2025-05-07,1,599,569.05,5,61.65,Net Banking,Completed,4,YouTube,Tablet
CUST10837,Kabir Reddy,59,Female,Ahmedabad,Gujarat,Home,Cushion Set,ORD100962,2025-07-13,1,599,509.15,15,124.59,Net Banking,Completed,3,Email,Tablet
CUST10336,Vivaan Pawar,46,Female,Mumbai,Maharashtra,Fashion,Jeans,ORD100963,2025-09-08,1,1299,1299.0,0,133.87,Credit Card,Completed,5,YouTube,Desktop
CUST10974,Siddharth Mehta,36,Female,Kolkata,West Bengal,Home,Storage Box,ORD100964,2025-07-22,3,899,2697.0,0,626.24,UPI,Completed,3,Facebook,Desktop
CUST10826,Riya Sharma,48,Male,Nagpur,Maharashtra,Beauty,Face Wash,ORD100965,2025-07-18,1,349,331.55,5,29.05,UPI,Completed,5,Instagram,Desktop
CUST10326,Meera Pawar,27,Female,Chennai,Tamil Nadu,Beauty,Face Serum,ORD100966,2025-04-07,1,699,559.2,20,130.49,UPI,Completed,5,Facebook,Mobile
CUST10231,Ishaan Reddy,29,Female,Nashik,Maharashtra,Home,Cushion Set,ORD100967,2025-03-20,2,599,1198.0,0,189.6,Credit Card,Cancelled,1,YouTube,Mobile
CUST10059,Aarav Nair,46,Female,Navi Mumbai,Maharashtra,Electronics,Smart Watch,ORD100968,2025-03-24,5,2499,9996.0,20,1375.06,UPI,Completed,4,YouTube,Mobile
CUST10004,Nisha Pawar,28,Male,Delhi,Delhi,Home,Wall Clock,ORD100969,2025-12-17,1,699,664.05,5,172.85,Cash on Delivery,Completed,4,Google Ads,Desktop
CUST10290,Aryan Jadhav,58,Male,Jaipur,Rajasthan,Electronics,USB-C Hub,ORD100970,2025-09-01,5,1299,6495.0,0,545.31,Cash on Delivery,Cancelled,4,Organic Search,Desktop
CUST10653,Priya Shah,34,Male,Indore,Madhya Pradesh,Home,Cushion Set,ORD100971,2025-07-04,4,599,2276.2,5,388.88,Credit Card,Completed,4,Organic Search,Desktop
CUST10412,Aanya Pawar,19,Male,Indore,Madhya Pradesh,Beauty,Shampoo,ORD100972,2025-12-30,2,599,1198.0,0,206.04,Credit Card,Completed,3,YouTube,Desktop
CUST10137,Isha Reddy,44,Female,Nagpur,Maharashtra,Beauty,Perfume,ORD100973,2025-06-22,4,999,3396.6,15,586.6,Cash on Delivery,Completed,4,Instagram,Mobile
CUST10219,Kiara Gupta,60,Male,Nagpur,Maharashtra,Books,Python Book,ORD100974,2025-07-29,4,699,2236.8,20,564.76,Net Banking,Completed,4,Instagram,Desktop
CUST10443,Siddharth Reddy,57,Female,Pune,Maharashtra,Beauty,Face Wash,ORD100975,2025-03-22,2,349,663.1,5,97.83,Credit Card,Completed,5,Organic Search,Mobile
CUST10155,Diya Shah,60,Male,Ahmedabad,Gujarat,Fashion,Sneakers,ORD100976,2025-10-22,5,2199,10445.25,5,2175.2,Net Banking,Completed,3,Email,Desktop
CUST10340,Priya Joshi,57,Male,Nagpur,Maharashtra,Books,Self Help Book,ORD100977,2025-02-13,1,449,449.0,0,106.59,UPI,Completed,3,Email,Desktop
CUST10180,Kabir Verma,22,Male,Nagpur,Maharashtra,Home,Storage Box,ORD100978,2025-08-17,3,899,2157.6,20,562.92,Debit Card,Completed,5,Email,Mobile
CUST10288,Rohan Deshmukh,44,Male,Jaipur,Rajasthan,Electronics,USB-C Hub,ORD100979,2025-10-10,5,1299,5520.75,15,616.43,Credit Card,Completed,5,Google Ads,Tablet
CUST10954,Arjun Jadhav,20,Female,Nashik,Maharashtra,Fashion,Jacket,ORD100980,2025-01-11,4,1899,6456.6,15,1132.33,Net Banking,Completed,4,Facebook,Tablet
CUST10308,Aarav Singh,60,Female,Nashik,Maharashtra,Books,Python Book,ORD100981,2025-02-05,3,699,2097.0,0,539.55,Net Banking,Completed,5,Instagram,Mobile
CUST10374,Ananya Verma,23,Male,Indore,Madhya Pradesh,Home,Storage Box,ORD100982,2025-10-30,4,899,3596.0,0,734.92,Debit Card,Completed,3,Instagram,Tablet
CUST10768,Priya Joshi,28,Male,Thane,Maharashtra,Electronics,Smart Watch,ORD100983,2025-08-10,3,2499,6747.3,10,1145.6,Net Banking,Completed,4,YouTube,Mobile
CUST10712,Rohan Nair,57,Male,Navi Mumbai,Maharashtra,Electronics,USB-C Hub,ORD100984,2025-08-29,1,1299,1169.1,10,182.54,Debit Card,Completed,3,YouTube,Desktop
CUST10274,Riya Nair,45,Female,Navi Mumbai,Maharashtra,Beauty,Shampoo,ORD100985,2025-10-10,2,599,1078.2,10,241.33,UPI,Completed,4,Organic Search,Tablet
CUST10821,Riya Reddy,25,Female,Pune,Maharashtra,Electronics,Smart Watch,ORD100986,2025-07-11,1,2499,2374.05,5,225.26,Credit Card,Completed,5,Google Ads,Mobile
CUST10628,Ananya Nair,57,Male,Mumbai,Maharashtra,Electronics,Smart Watch,ORD100987,2025-06-19,5,2499,10620.75,15,2190.0,UPI,Completed,3,Google Ads,Tablet
CUST10543,Aditya Deshmukh,23,Male,Nashik,Maharashtra,Electronics,Wireless Headphones,ORD100988,2025-02-10,4,1499,5696.2,5,695.19,Credit Card,Completed,5,Organic Search,Mobile
CUST10998,Nisha Pawar,29,Female,Ahmedabad,Gujarat,Beauty,Shampoo,ORD100989,2025-09-17,5,599,2995.0,0,504.67,Credit Card,Completed,3,Email,Mobile
CUST10616,Arjun Pawar,22,Male,Indore,Madhya Pradesh,Fashion,Jeans,ORD100990,2025-11-22,3,1299,3702.15,5,416.44,Net Banking,Completed,4,Facebook,Tablet
CUST10506,Isha Verma,40,Male,Thane,Maharashtra,Fashion,Backpack,ORD100991,2025-03-24,1,999,899.1,10,122.54,Debit Card,Completed,3,YouTube,Mobile
CUST10695,Aditya Kulkarni,46,Female,Chennai,Tamil Nadu,Electronics,Wireless Headphones,ORD100992,2025-07-05,3,1499,3597.6,20,842.84,UPI,Completed,5,Facebook,Desktop
CUST10044,Meera Joshi,48,Female,Ahmedabad,Gujarat,Home,Cushion Set,ORD100993,2025-04-08,3,599,1527.45,15,217.96,Debit Card,Completed,3,Organic Search,Desktop
CUST10895,Ananya Reddy,43,Female,Indore,Madhya Pradesh,Beauty,Perfume,ORD100994,2025-07-17,4,999,3796.2,5,411.57,Credit Card,Completed,3,Email,Desktop
CUST10484,Diya Joshi,18,Male,Surat,Gujarat,Beauty,Moisturizer,ORD100995,2025-04-22,2,499,798.4,20,214.94,Credit Card,Completed,4,Email,Desktop
CUST10446,Priya Khan,28,Male,Nagpur,Maharashtra,Home,Storage Box,ORD100996,2025-11-07,3,899,2562.15,5,302.31,Credit Card,Completed,4,Organic Search,Tablet
CUST10503,Arjun Patil,38,Female,Mumbai,Maharashtra,Beauty,Face Serum,ORD100997,2025-09-11,3,699,1992.15,5,253.06,UPI,Completed,4,Email,Tablet
CUST10827,Siddharth Kulkarni,57,Female,Nashik,Maharashtra,Beauty,Face Serum,ORD100998,2025-05-25,1,699,559.2,20,59.21,Credit Card,Completed,4,Email,Tablet
CUST10806,Aarav Singh,41,Male,Bengaluru,Karnataka,Beauty,Moisturizer,ORD100999,2025-06-10,2,499,898.2,10,195.5,Debit Card,Completed,4,Facebook,Desktop
CUST10912,Kabir Reddy,26,Female,Chennai,Tamil Nadu,Home,Storage Box,ORD101000,2025-05-08,2,899,1438.4,20,290.38,UPI,Completed,4,Email,Tablet
CUST10069,Diya Jadhav,27,Male,Indore,Madhya Pradesh,Books,Python Book,ORD101001,2025-11-05,1,699,559.2,20,99.64,Net Banking,Cancelled,3,Organic Search,Mobile
CUST10803,Rohan Joshi,21,Female,Jaipur,Rajasthan,Beauty,Moisturizer,ORD101002,2025-11-14,2,499,998.0,0,145.15,Debit Card,Completed,3,Email,Desktop
CUST10290,Kabir Reddy,56,Male,Navi Mumbai,Maharashtra,Books,Novel,ORD101003,2025-04-10,3,399,1197.0,0,271.84,Credit Card,Completed,5,Organic Search,Desktop
CUST10795,Siddharth Verma,31,Male,Ahmedabad,Gujarat,Fashion,Sneakers,ORD101004,2025-08-04,1,2199,2199.0,0,462.51,Credit Card,Completed,4,Organic Search,Tablet
CUST10601,Nisha Singh,38,Male,Delhi,Delhi,Electronics,Bluetooth Speaker,ORD101005,2025-11-07,4,1999,7196.4,10,860.37,Credit Card,Completed,3,Email,Mobile
CUST10406,Ananya Mehta,48,Male,Pune,Maharashtra,Home,Bedsheet,ORD101006,2025-11-18,3,1199,3057.45,15,580.99,Credit Card,Completed,4,Email,Tablet
CUST10144,Siddharth Joshi,54,Male,Surat,Gujarat,Books,Novel,ORD101007,2025-03-09,5,399,1995.0,0,447.99,Credit Card,Completed,3,Google Ads,Tablet
CUST10064,Aditya Jadhav,41,Male,Nashik,Maharashtra,Home,Wall Clock,ORD101008,2025-02-05,1,699,594.15,15,88.36,Cash on Delivery,Completed,5,Organic Search,Tablet
CUST10661,Rohan Mehta,23,Female,Jaipur,Rajasthan,Fashion,Jacket,ORD101009,2025-05-14,2,1899,3798.0,0,883.24,Cash on Delivery,Completed,3,Google Ads,Mobile
CUST10687,Priya Sharma,20,Male,Kolkata,West Bengal,Fashion,Jeans,ORD101010,2025-06-15,2,1299,2468.1,5,444.55,Net Banking,Completed,5,Google Ads,Tablet
CUST10504,Priya Sharma,60,Female,Jaipur,Rajasthan,Beauty,Face Serum,ORD101011,2025-01-19,1,699,699.0,0,83.9,UPI,Completed,5,Email,Tablet
CUST10273,Riya Reddy,28,Female,Pune,Maharashtra,Beauty,Moisturizer,ORD101012,2025-11-18,2,499,798.4,20,65.05,Cash on Delivery,Completed,4,Email,Tablet
CUST10463,Kabir Jadhav,56,Male,Delhi,Delhi,Home,Wall Clock,ORD101013,2025-07-21,2,699,1258.2,10,326.61,UPI,Completed,4,Organic Search,Tablet
CUST10853,Kabir Deshmukh,25,Female,Kolkata,West Bengal,Electronics,Power Bank,ORD101014,2025-10-19,1,899,854.05,5,102.51,Credit Card,Completed,4,Facebook,Desktop
CUST10882,Vivaan Kulkarni,58,Female,Navi Mumbai,Maharashtra,Fashion,Backpack,ORD101015,2025-06-08,3,999,2847.15,5,518.81,Debit Card,Completed,3,Instagram,Desktop
CUST10878,Ananya Singh,43,Female,Ahmedabad,Gujarat,Books,Data Science Book,ORD101016,2025-05-27,4,799,2716.6,15,522.04,Credit Card,Completed,5,Google Ads,Tablet
CUST10055,Aarav Shah,21,Male,Pune,Maharashtra,Electronics,Bluetooth Speaker,ORD101017,2025-10-18,1,1999,1799.1,10,304.07,Debit Card,Returned,1,Instagram,Tablet
CUST10953,Aanya Patil,35,Female,Nagpur,Maharashtra,Beauty,Face Wash,ORD101018,2025-06-04,3,349,1047.0,0,271.91,Credit Card,Completed,4,Google Ads,Tablet
CUST10277,Priya Deshmukh,18,Male,Ahmedabad,Gujarat,Electronics,Wireless Headphones,ORD101019,2025-10-24,2,1499,2548.3,15,647.16,UPI,Completed,4,YouTube,Tablet
CUST10591,Rohan Gupta,22,Male,Bengaluru,Karnataka,Beauty,Perfume,ORD101020,2025-08-27,1,999,999.0,0,179.31,UPI,Completed,3,YouTube,Mobile
CUST10830,Siddharth Pawar,48,Female,Jaipur,Rajasthan,Fashion,Sneakers,ORD101021,2025-04-07,1,2199,1979.1,10,539.58,UPI,Completed,4,YouTube,Mobile
CUST10558,Sara Pawar,49,Female,Surat,Gujarat,Fashion,T-Shirt,ORD101022,2025-07-08,3,599,1617.3,10,157.98,Credit Card,Completed,4,Email,Tablet
CUST10786,Sara Mehta,27,Female,Indore,Madhya Pradesh,Home,Wall Clock,ORD101023,2025-07-10,4,699,2656.2,5,520.73,Debit Card,Completed,4,Instagram,Tablet
CUST10462,Sara Khan,41,Female,Jaipur,Rajasthan,Beauty,Face Wash,ORD101024,2025-06-20,5,349,1570.5,10,403.55,Cash on Delivery,Cancelled,4,YouTube,Mobile
CUST10143,Ananya Mehta,58,Male,Indore,Madhya Pradesh,Fashion,Backpack,ORD101025,2025-03-23,3,999,2397.6,20,495.2,Credit Card,Completed,5,YouTube,Desktop
CUST10758,Arjun Mehta,52,Female,Pune,Maharashtra,Electronics,USB-C Hub,ORD101026,2025-10-09,1,1299,1039.2,20,83.98,Credit Card,Completed,3,YouTube,Tablet
CUST10768,Priya Patil,38,Female,Jaipur,Rajasthan,Home,Storage Box,ORD101027,2025-07-21,4,899,2876.8,20,608.09,Net Banking,Completed,4,YouTube,Mobile
CUST10248,Rohan Nair,30,Female,Nagpur,Maharashtra,Electronics,USB-C Hub,ORD101028,2025-02-06,1,1299,1104.15,15,120.21,Net Banking,Completed,4,Email,Mobile
CUST10464,Kabir Sharma,19,Male,Hyderabad,Telangana,Electronics,Bluetooth Speaker,ORD101029,2025-12-15,1,1999,1899.05,5,222.46,UPI,Completed,4,Organic Search,Desktop
CUST10651,Aarav Pawar,56,Female,Kolkata,West Bengal,Home,Wall Clock,ORD101030,2025-08-08,4,699,2516.4,10,306.22,Cash on Delivery,Completed,4,Facebook,Mobile
CUST10433,Vivaan Singh,38,Female,Kolkata,West Bengal,Home,Table Lamp,ORD101031,2025-07-16,3,799,2037.45,15,513.92,Cash on Delivery,Completed,3,Facebook,Desktop
CUST10647,Aarav Khan,20,Female,Kolkata,West Bengal,Beauty,Face Wash,ORD101032,2025-02-12,4,349,1256.4,10,237.14,UPI,Completed,5,Organic Search,Desktop
CUST10098,Aryan Shah,48,Female,Ahmedabad,Gujarat,Electronics,Bluetooth Speaker,ORD101033,2025-08-20,3,1999,4797.6,20,1129.51,UPI,Completed,4,YouTube,Mobile
CUST10670,Riya Singh,22,Male,Chennai,Tamil Nadu,Books,Data Science Book,ORD101034,2025-07-18,4,799,2876.4,10,631.16,UPI,Completed,5,Email,Tablet
CUST10992,Rahul Reddy,46,Female,Pune,Maharashtra,Home,Bedsheet,ORD101035,2025-08-07,1,1199,1079.1,10,216.06,UPI,Completed,3,Instagram,Desktop
CUST10866,Aarav Khan,59,Male,Bengaluru,Karnataka,Fashion,Jacket,ORD101036,2025-06-24,1,1899,1709.1,10,199.17,Net Banking,Completed,5,Instagram,Tablet
CUST10022,Arjun Deshmukh,26,Male,Bengaluru,Karnataka,Fashion,Backpack,ORD101037,2025-07-07,5,999,4995.0,0,837.26,Cash on Delivery,Completed,4,YouTube,Desktop
CUST10367,Isha Singh,20,Male,Kolkata,West Bengal,Home,Cushion Set,ORD101038,2025-02-14,5,599,2545.75,15,237.74,Net Banking,Completed,5,Organic Search,Tablet
CUST10383,Rohan Patil,19,Male,Indore,Madhya Pradesh,Fashion,T-Shirt,ORD101039,2025-08-17,5,599,2845.25,5,605.83,Cash on Delivery,Completed,5,Email,Desktop
CUST10012,Kiara Khan,25,Male,Pune,Maharashtra,Books,Novel,ORD101040,2025-03-10,2,399,758.1,5,82.99,Debit Card,Completed,4,Google Ads,Tablet
CUST10882,Arjun Mehta,60,Male,Jaipur,Rajasthan,Home,Storage Box,ORD101041,2025-03-12,5,899,4495.0,0,632.31,Net Banking,Completed,3,Instagram,Mobile
CUST10150,Priya Singh,31,Female,Kolkata,West Bengal,Electronics,Smart Watch,ORD101042,2025-10-05,4,2499,7996.8,20,1652.77,Credit Card,Completed,3,Facebook,Mobile
CUST10417,Priya Mehta,22,Male,Surat,Gujarat,Books,Data Science Book,ORD101043,2025-07-05,2,799,1358.3,15,336.8,UPI,Cancelled,3,Organic Search,Mobile
CUST10491,Diya Sharma,30,Female,Surat,Gujarat,Home,Cushion Set,ORD101044,2025-04-26,4,599,1916.8,20,473.98,Cash on Delivery,Completed,3,Facebook,Desktop
CUST10722,Aryan Shah,51,Male,Kolkata,West Bengal,Home,Cushion Set,ORD101045,2025-08-02,1,599,509.15,15,101.81,Credit Card,Completed,3,YouTube,Mobile
CUST10524,Diya Verma,47,Female,Navi Mumbai,Maharashtra,Home,Wall Clock,ORD101046,2025-06-07,5,699,2796.0,20,406.59,Net Banking,Completed,4,Organic Search,Tablet
CUST10957,Priya Joshi,23,Male,Chennai,Tamil Nadu,Beauty,Shampoo,ORD101047,2025-02-02,5,599,2396.0,20,487.04,Debit Card,Completed,4,Email,Tablet
CUST10693,Ananya Reddy,38,Male,Hyderabad,Telangana,Fashion,Backpack,ORD101048,2025-04-09,2,999,1798.2,10,493.55,Net Banking,Completed,5,Email,Desktop
CUST10596,Kabir Jadhav,57,Female,Chennai,Tamil Nadu,Fashion,Sneakers,ORD101049,2025-10-11,2,2199,3958.2,10,880.8,Cash on Delivery,Completed,4,Instagram,Mobile
CUST10471,Aryan Gupta,56,Female,Ahmedabad,Gujarat,Home,Bedsheet,ORD101050,2025-09-05,4,1199,4316.4,10,557.36,Cash on Delivery,Completed,5,Email,Mobile
CUST10958,Ishaan Patil,42,Male,Thane,Maharashtra,Books,Business Book,ORD101051,2025-05-11,1,599,599.0,0,70.55,Cash on Delivery,Cancelled,4,Facebook,Desktop
CUST10186,Kabir Verma,21,Female,Hyderabad,Telangana,Beauty,Perfume,ORD101052,2025-07-18,5,999,4995.0,0,875.49,UPI,Completed,3,Email,Mobile
CUST10913,Ishaan Patil,53,Male,Mumbai,Maharashtra,Books,Python Book,ORD101053,2025-12-18,2,699,1398.0,0,370.68,Cash on Delivery,Completed,3,Google Ads,Mobile
CUST10951,Nisha Pawar,35,Female,Pune,Maharashtra,Home,Cushion Set,ORD101054,2025-11-06,2,599,1138.1,5,141.22,Cash on Delivery,Completed,4,Email,Mobile
CUST10585,Sara Shah,38,Male,Nashik,Maharashtra,Fashion,Jeans,ORD101055,2025-01-09,4,1299,4936.2,5,929.7,Cash on Delivery,Returned,1,Email,Desktop
CUST10110,Aryan Nair,44,Male,Pune,Maharashtra,Fashion,Jeans,ORD101056,2025-03-30,4,1299,4156.8,20,470.25,UPI,Cancelled,3,Instagram,Tablet
CUST10454,Kiara Nair,56,Female,Thane,Maharashtra,Beauty,Perfume,ORD101057,2025-02-11,2,999,1898.1,5,189.95,Credit Card,Completed,4,YouTube,Desktop
CUST10398,Aarav Mehta,35,Female,Surat,Gujarat,Fashion,Jacket,ORD101058,2025-01-11,4,1899,6076.8,20,902.15,Net Banking,Completed,5,Facebook,Mobile
CUST10298,Aditya Shah,42,Male,Navi Mumbai,Maharashtra,Fashion,Jacket,ORD101059,2025-07-27,2,1899,3608.1,5,515.39,Credit Card,Completed,5,Organic Search,Tablet
CUST10503,Aarav Kulkarni,54,Female,Indore,Madhya Pradesh,Fashion,T-Shirt,ORD101060,2025-06-26,4,599,2396.0,0,378.03,Net Banking,Completed,3,YouTube,Desktop
CUST10225,Aditya Khan,34,Female,Indore,Madhya Pradesh,Home,Bedsheet,ORD101061,2025-05-14,3,1199,3237.3,10,849.21,Cash on Delivery,Completed,3,YouTube,Tablet
CUST10082,Vivaan Khan,41,Male,Chennai,Tamil Nadu,Electronics,Smart Watch,ORD101062,2025-12-23,1,2499,2374.05,5,233.79,Cash on Delivery,Completed,4,Email,Desktop
CUST10636,Rohan Nair,45,Female,Nashik,Maharashtra,Home,Bedsheet,ORD101063,2025-09-24,2,1199,2038.3,15,290.09,UPI,Completed,3,Facebook,Tablet
CUST10069,Siddharth Mehta,48,Male,Jaipur,Rajasthan,Beauty,Moisturizer,ORD101064,2025-04-11,2,499,998.0,0,241.06,UPI,Completed,3,Email,Mobile
CUST10785,Meera Mehta,41,Male,Hyderabad,Telangana,Fashion,Jeans,ORD101065,2025-01-05,5,1299,6170.25,5,796.76,Debit Card,Completed,3,Facebook,Mobile
CUST10802,Diya Deshmukh,28,Male,Hyderabad,Telangana,Electronics,Power Bank,ORD101066,2025-11-08,2,899,1708.1,5,219.29,Debit Card,Completed,5,Organic Search,Mobile
CUST10542,Arjun Pawar,33,Male,Bengaluru,Karnataka,Fashion,Backpack,ORD101067,2025-03-11,1,999,999.0,0,276.29,Net Banking,Completed,4,YouTube,Desktop
CUST10960,Riya Singh,59,Female,Hyderabad,Telangana,Books,Python Book,ORD101068,2025-07-27,5,699,2796.0,20,625.38,Net Banking,Completed,5,Instagram,Tablet
CUST10392,Rohan Jadhav,20,Female,Surat,Gujarat,Fashion,T-Shirt,ORD101069,2025-03-01,5,599,2695.5,10,669.53,Net Banking,Completed,4,Email,Desktop
CUST10406,Priya Gupta,19,Female,Mumbai,Maharashtra,Fashion,Jacket,ORD101070,2025-03-13,2,1899,3228.3,15,816.89,Credit Card,Completed,4,Instagram,Mobile
CUST10252,Meera Verma,49,Male,Indore,Madhya Pradesh,Beauty,Perfume,ORD101071,2025-08-26,4,999,3596.4,10,922.39,Credit Card,Completed,3,YouTube,Mobile
CUST10957,Vivaan Joshi,47,Female,Thane,Maharashtra,Beauty,Perfume,ORD101072,2025-09-20,1,999,799.2,20,110.92,Net Banking,Completed,3,Google Ads,Desktop
CUST10522,Siddharth Reddy,50,Male,Navi Mumbai,Maharashtra,Fashion,T-Shirt,ORD101073,2025-10-15,1,599,569.05,5,130.24,Credit Card,Completed,3,YouTube,Tablet
CUST10600,Meera Khan,39,Male,Navi Mumbai,Maharashtra,Books,Business Book,ORD101074,2025-07-08,3,599,1437.6,20,208.9,UPI,Completed,5,Organic Search,Desktop
CUST10274,Sara Pawar,54,Male,Delhi,Delhi,Books,Novel,ORD101075,2025-08-14,2,399,678.3,15,99.05,Credit Card,Completed,5,Instagram,Mobile
CUST10428,Ishaan Khan,32,Female,Pune,Maharashtra,Electronics,Wireless Headphones,ORD101076,2025-04-10,3,1499,4497.0,0,1217.39,Credit Card,Completed,3,Organic Search,Tablet
CUST10948,Kabir Sharma,22,Female,Chennai,Tamil Nadu,Fashion,T-Shirt,ORD101077,2025-04-23,3,599,1527.45,15,362.62,Net Banking,Completed,3,Google Ads,Mobile
CUST10540,Ananya Shah,41,Female,Kolkata,West Bengal,Beauty,Shampoo,ORD101078,2025-06-19,5,599,2396.0,20,454.25,Credit Card,Completed,4,YouTube,Tablet
CUST10415,Nisha Jadhav,33,Female,Surat,Gujarat,Fashion,T-Shirt,ORD101079,2025-09-18,4,599,2036.6,15,273.8,UPI,Completed,5,Facebook,Desktop
CUST10423,Arjun Nair,27,Female,Jaipur,Rajasthan,Books,Data Science Book,ORD101080,2025-03-20,2,799,1518.1,5,262.43,Net Banking,Cancelled,3,Organic Search,Tablet
CUST10158,Aditya Gupta,28,Female,Navi Mumbai,Maharashtra,Books,Business Book,ORD101081,2025-01-30,1,599,539.1,10,142.98,Net Banking,Completed,4,Organic Search,Mobile
CUST10250,Arjun Verma,33,Female,Navi Mumbai,Maharashtra,Beauty,Perfume,ORD101082,2025-08-09,4,999,3196.8,20,392.59,Cash on Delivery,Completed,4,Instagram,Desktop
CUST10957,Kiara Khan,23,Female,Nashik,Maharashtra,Electronics,Wireless Headphones,ORD101083,2025-08-08,1,1499,1499.0,0,164.9,Credit Card,Completed,3,Google Ads,Mobile
CUST10597,Vivaan Deshmukh,36,Male,Bengaluru,Karnataka,Home,Wall Clock,ORD101084,2025-06-08,5,699,3495.0,0,307.86,UPI,Completed,3,Google Ads,Tablet
CUST10292,Rahul Reddy,43,Male,Mumbai,Maharashtra,Beauty,Face Wash,ORD101085,2025-09-27,3,349,837.6,20,115.83,Credit Card,Completed,5,Google Ads,Desktop
CUST10681,Rahul Kulkarni,50,Female,Chennai,Tamil Nadu,Electronics,Power Bank,ORD101086,2025-01-17,5,899,4270.25,5,930.09,Credit Card,Completed,4,YouTube,Desktop
CUST10247,Aanya Mehta,37,Female,Jaipur,Rajasthan,Home,Cushion Set,ORD101087,2025-06-08,4,599,2276.2,5,543.67,Net Banking,Completed,3,Instagram,Tablet
CUST10705,Aditya Sharma,55,Male,Nashik,Maharashtra,Electronics,Smart Watch,ORD101088,2025-02-07,1,2499,2124.15,15,223.51,Debit Card,Completed,4,Facebook,Mobile
CUST10401,Isha Khan,25,Female,Ahmedabad,Gujarat,Books,Self Help Book,ORD101089,2025-12-02,3,449,1279.65,5,331.58,Credit Card,Completed,3,Email,Mobile
CUST10433,Ishaan Khan,29,Male,Mumbai,Maharashtra,Beauty,Perfume,ORD101090,2025-06-17,4,999,3596.4,10,611.11,Debit Card,Completed,5,Facebook,Tablet
CUST10508,Rahul Verma,44,Male,Nashik,Maharashtra,Electronics,Power Bank,ORD101091,2025-03-13,3,899,2562.15,5,226.51,Debit Card,Completed,5,Instagram,Tablet
CUST10207,Vivaan Jadhav,18,Female,Nashik,Maharashtra,Home,Wall Clock,ORD101092,2025-02-23,5,699,3145.5,10,463.76,Credit Card,Completed,5,Instagram,Desktop
CUST10606,Riya Khan,51,Female,Kolkata,West Bengal,Books,Self Help Book,ORD101093,2025-01-21,5,449,2132.75,5,356.14,Cash on Delivery,Completed,5,Email,Tablet
CUST10946,Vivaan Verma,39,Female,Jaipur,Rajasthan,Electronics,Power Bank,ORD101094,2025-08-02,5,899,4495.0,0,786.19,Debit Card,Cancelled,2,Facebook,Mobile
CUST10228,Siddharth Reddy,59,Female,Bengaluru,Karnataka,Electronics,Smart Watch,ORD101095,2025-01-03,5,2499,11245.5,10,1787.61,Net Banking,Completed,3,Instagram,Desktop
CUST10680,Vivaan Patil,35,Female,Mumbai,Maharashtra,Books,Self Help Book,ORD101096,2025-11-24,4,449,1796.0,0,323.91,UPI,Completed,5,Organic Search,Tablet
CUST10082,Arjun Nair,33,Female,Nagpur,Maharashtra,Beauty,Face Serum,ORD101097,2025-04-13,3,699,1992.15,5,376.54,Debit Card,Completed,4,YouTube,Mobile
CUST10371,Arjun Deshmukh,34,Male,Bengaluru,Karnataka,Fashion,Sneakers,ORD101098,2025-08-07,3,2199,5607.45,15,630.12,UPI,Completed,3,Email,Desktop
CUST10125,Aditya Deshmukh,25,Male,Hyderabad,Telangana,Electronics,Smart Watch,ORD101099,2025-02-28,1,2499,2249.1,10,614.07,Cash on Delivery,Completed,4,Facebook,Desktop
CUST10968,Priya Kulkarni,57,Male,Hyderabad,Telangana,Home,Table Lamp,ORD101100,2025-07-18,3,799,2397.0,0,361.1,Debit Card,Completed,5,YouTube,Mobile
CUST10874,Aditya Deshmukh,27,Male,Indore,Madhya Pradesh,Home,Bedsheet,ORD101101,2025-11-20,5,1199,4796.0,20,569.93,Net Banking,Completed,4,Organic Search,Mobile
CUST10571,Kabir Deshmukh,30,Female,Jaipur,Rajasthan,Books,Business Book,ORD101102,2025-04-27,5,599,2995.0,0,824.31,Net Banking,Completed,4,Organic Search,Desktop
CUST10665,Kabir Reddy,20,Female,Kolkata,West Bengal,Electronics,Power Bank,ORD101103,2025-01-09,2,899,1798.0,0,349.15,Debit Card,Returned,3,Organic Search,Tablet
CUST10507,Ananya Nair,47,Male,Surat,Gujarat,Electronics,Smart Watch,ORD101104,2025-03-01,1,2499,1999.2,20,368.06,Cash on Delivery,Completed,4,Facebook,Tablet
CUST10057,Arjun Shah,20,Female,Jaipur,Rajasthan,Home,Bedsheet,ORD101105,2025-05-31,3,1199,2877.6,20,703.38,Debit Card,Completed,3,YouTube,Mobile
CUST10417,Diya Deshmukh,35,Female,Ahmedabad,Gujarat,Home,Cushion Set,ORD101106,2025-09-13,1,599,479.2,20,73.2,UPI,Completed,4,Google Ads,Desktop
CUST10326,Aditya Nair,26,Male,Navi Mumbai,Maharashtra,Books,Self Help Book,ORD101107,2025-02-18,5,449,2245.0,0,342.38,UPI,Returned,3,Instagram,Tablet
CUST10929,Aryan Sharma,35,Male,Nagpur,Maharashtra,Home,Storage Box,ORD101108,2025-10-09,5,899,4495.0,0,1089.21,Cash on Delivery,Cancelled,3,YouTube,Desktop
CUST10110,Vivaan Verma,44,Female,Pune,Maharashtra,Electronics,Bluetooth Speaker,ORD101109,2025-02-18,3,1999,5997.0,0,643.95,Net Banking,Cancelled,1,Google Ads,Desktop
CUST10190,Diya Mehta,24,Female,Jaipur,Rajasthan,Home,Bedsheet,ORD101110,2025-05-07,5,1199,4796.0,20,1242.19,Cash on Delivery,Completed,3,YouTube,Mobile
CUST10814,Priya Gupta,26,Male,Kolkata,West Bengal,Fashion,Backpack,ORD101111,2025-09-25,2,999,1698.3,15,137.66,Credit Card,Completed,5,Organic Search,Tablet
CUST10933,Isha Gupta,57,Male,Nagpur,Maharashtra,Beauty,Moisturizer,ORD101112,2025-07-27,5,499,2245.5,10,334.25,Cash on Delivery,Returned,4,Email,Desktop
CUST10132,Isha Verma,59,Male,Nagpur,Maharashtra,Books,Business Book,ORD101113,2025-04-08,1,599,599.0,0,96.5,Cash on Delivery,Completed,5,Instagram,Tablet
CUST10983,Aryan Deshmukh,20,Male,Chennai,Tamil Nadu,Fashion,Jeans,ORD101114,2025-03-10,1,1299,1299.0,0,281.64,UPI,Returned,3,Facebook,Mobile
CUST10890,Arjun Nair,18,Male,Kolkata,West Bengal,Beauty,Face Wash,ORD101115,2025-03-17,3,349,994.65,5,168.51,Debit Card,Completed,3,Email,Desktop
CUST10249,Meera Kulkarni,30,Female,Delhi,Delhi,Fashion,Jeans,ORD101116,2025-12-07,4,1299,4676.4,10,549.95,Net Banking,Completed,5,Organic Search,Desktop
CUST10114,Ishaan Sharma,45,Male,Delhi,Delhi,Beauty,Moisturizer,ORD101117,2025-09-26,1,499,499.0,0,114.6,Debit Card,Completed,4,Instagram,Desktop
CUST10206,Isha Jadhav,18,Male,Thane,Maharashtra,Beauty,Face Serum,ORD101118,2025-06-05,1,699,559.2,20,95.56,Debit Card,Completed,4,Organic Search,Desktop
CUST10113,Priya Gupta,46,Male,Thane,Maharashtra,Fashion,T-Shirt,ORD101119,2025-10-10,2,599,1018.3,15,159.79,Debit Card,Completed,3,YouTube,Desktop
CUST10259,Arjun Verma,60,Female,Hyderabad,Telangana,Books,Python Book,ORD101120,2025-02-24,4,699,2796.0,0,258.89,Credit Card,Completed,4,YouTube,Tablet
CUST10192,Priya Mehta,18,Male,Surat,Gujarat,Fashion,T-Shirt,ORD101121,2025-06-24,3,599,1437.6,20,235.69,UPI,Completed,3,YouTube,Desktop
CUST10640,Ishaan Pawar,35,Female,Ahmedabad,Gujarat,Books,Data Science Book,ORD101122,2025-07-02,4,799,2556.8,20,493.57,Credit Card,Completed,4,Instagram,Desktop
CUST10106,Aanya Singh,33,Female,Mumbai,Maharashtra,Books,Python Book,ORD101123,2025-10-15,4,699,2656.2,5,441.37,Cash on Delivery,Completed,3,Instagram,Mobile
CUST10224,Kabir Singh,44,Male,Delhi,Delhi,Books,Novel,ORD101124,2025-03-11,1,399,319.2,20,53.71,Debit Card,Completed,3,Google Ads,Mobile
CUST10825,Kiara Khan,25,Male,Thane,Maharashtra,Home,Storage Box,ORD101125,2025-05-02,4,899,3416.2,5,337.17,Debit Card,Completed,3,Facebook,Tablet
CUST10103,Vivaan Singh,35,Male,Ahmedabad,Gujarat,Books,Data Science Book,ORD101126,2025-04-21,1,799,679.15,15,165.31,UPI,Completed,4,Facebook,Tablet
CUST10684,Aarav Khan,40,Female,Nagpur,Maharashtra,Home,Cushion Set,ORD101127,2025-02-19,5,599,2845.25,5,242.93,Debit Card,Returned,1,Instagram,Mobile
CUST10232,Aryan Pawar,20,Male,Surat,Gujarat,Fashion,Jeans,ORD101128,2025-08-24,2,1299,2468.1,5,262.92,Cash on Delivery,Completed,4,Instagram,Mobile
CUST10546,Aanya Kulkarni,37,Male,Pune,Maharashtra,Beauty,Moisturizer,ORD101129,2025-01-04,1,499,474.05,5,82.84,Credit Card,Completed,3,YouTube,Desktop
CUST10731,Rahul Gupta,22,Male,Pune,Maharashtra,Fashion,Jacket,ORD101130,2025-03-27,1,1899,1614.15,15,203.14,Cash on Delivery,Completed,5,YouTube,Tablet
CUST10286,Meera Deshmukh,56,Female,Indore,Madhya Pradesh,Books,Self Help Book,ORD101131,2025-11-09,2,449,763.3,15,125.93,Debit Card,Completed,4,Email,Tablet
CUST10923,Kabir Khan,36,Male,Nagpur,Maharashtra,Beauty,Face Serum,ORD101132,2025-03-01,4,699,2796.0,0,712.83,UPI,Completed,3,Instagram,Tablet
CUST10930,Sara Singh,43,Male,Ahmedabad,Gujarat,Books,Data Science Book,ORD101133,2025-04-29,1,799,639.2,20,74.12,UPI,Completed,3,Facebook,Tablet
CUST10848,Aryan Mehta,53,Male,Hyderabad,Telangana,Electronics,Bluetooth Speaker,ORD101134,2025-05-14,5,1999,7996.0,20,789.26,Credit Card,Completed,3,Google Ads,Desktop
CUST10083,Rohan Jadhav,32,Male,Bengaluru,Karnataka,Electronics,USB-C Hub,ORD101135,2025-08-05,2,1299,2078.4,20,350.15,Debit Card,Completed,5,Organic Search,Mobile
CUST10600,Ananya Sharma,20,Female,Kolkata,West Bengal,Electronics,Wireless Headphones,ORD101136,2025-03-26,1,1499,1499.0,0,144.99,UPI,Completed,5,Google Ads,Tablet
CUST10118,Arjun Singh,52,Female,Nagpur,Maharashtra,Home,Table Lamp,ORD101137,2025-06-30,5,799,3995.0,0,894.26,Cash on Delivery,Completed,5,YouTube,Desktop
CUST10155,Ishaan Deshmukh,23,Female,Jaipur,Rajasthan,Books,Data Science Book,ORD101138,2025-05-28,5,799,3196.0,20,600.86,Credit Card,Completed,3,Email,Tablet
CUST10268,Ananya Khan,48,Male,Chennai,Tamil Nadu,Electronics,USB-C Hub,ORD101139,2025-11-03,4,1299,4416.6,15,376.52,Credit Card,Completed,5,Organic Search,Desktop
CUST10817,Aditya Joshi,51,Female,Kolkata,West Bengal,Home,Storage Box,ORD101140,2025-03-04,2,899,1528.3,15,237.72,Debit Card,Completed,3,Facebook,Mobile
CUST10417,Vivaan Joshi,37,Female,Navi Mumbai,Maharashtra,Fashion,Backpack,ORD101141,2025-01-21,4,999,3996.0,0,761.27,Credit Card,Completed,3,Instagram,Desktop
CUST10887,Nisha Joshi,19,Female,Chennai,Tamil Nadu,Books,Self Help Book,ORD101142,2025-05-18,2,449,853.1,5,79.26,Net Banking,Completed,3,Email,Tablet
CUST10736,Ishaan Kulkarni,34,Male,Pune,Maharashtra,Fashion,Backpack,ORD101143,2025-05-08,4,999,3396.6,15,869.84,Credit Card,Completed,4,Facebook,Tablet
CUST10686,Ishaan Gupta,27,Female,Pune,Maharashtra,Electronics,Smart Watch,ORD101144,2025-03-29,4,2499,7996.8,20,1723.96,Debit Card,Completed,5,Organic Search,Desktop
CUST10085,Aryan Reddy,44,Male,Nashik,Maharashtra,Fashion,Sneakers,ORD101145,2025-06-08,5,2199,9345.75,15,1147.42,Net Banking,Returned,3,Google Ads,Desktop
CUST10700,Rahul Joshi,41,Female,Thane,Maharashtra,Home,Table Lamp,ORD101146,2025-12-12,2,799,1358.3,15,322.91,Credit Card,Completed,5,Email,Mobile
CUST10791,Aditya Singh,42,Male,Surat,Gujarat,Home,Cushion Set,ORD101147,2025-09-29,3,599,1617.3,10,295.31,Credit Card,Completed,3,YouTube,Mobile
CUST10064,Sara Pawar,50,Male,Navi Mumbai,Maharashtra,Books,Data Science Book,ORD101148,2025-03-10,3,799,2157.3,10,485.61,Debit Card,Completed,5,Google Ads,Desktop
CUST10126,Siddharth Gupta,31,Male,Kolkata,West Bengal,Fashion,Jeans,ORD101149,2025-05-12,3,1299,3702.15,5,909.64,Net Banking,Completed,5,YouTube,Mobile
CUST10204,Arjun Patil,24,Male,Jaipur,Rajasthan,Books,Business Book,ORD101150,2025-03-05,5,599,2545.75,15,570.89,Credit Card,Completed,5,Facebook,Mobile
CUST10941,Priya Gupta,26,Male,Kolkata,West Bengal,Beauty,Shampoo,ORD101151,2025-01-18,2,599,1198.0,0,307.26,Cash on Delivery,Completed,3,Facebook,Desktop
CUST10841,Diya Patil,47,Female,Jaipur,Rajasthan,Books,Business Book,ORD101152,2025-01-06,5,599,2396.0,20,619.04,UPI,Cancelled,2,Google Ads,Tablet
CUST10720,Isha Patil,53,Female,Pune,Maharashtra,Fashion,Backpack,ORD101153,2025-07-13,5,999,4995.0,0,643.74,Net Banking,Completed,5,Email,Tablet
CUST10079,Isha Reddy,18,Male,Thane,Maharashtra,Books,Data Science Book,ORD101154,2025-06-27,4,799,2876.4,10,580.88,Debit Card,Completed,3,Facebook,Mobile
CUST10859,Riya Kulkarni,54,Male,Jaipur,Rajasthan,Home,Table Lamp,ORD101155,2025-07-23,5,799,3595.5,10,450.04,UPI,Completed,4,Facebook,Mobile
CUST10346,Kabir Deshmukh,28,Female,Jaipur,Rajasthan,Fashion,Backpack,ORD101156,2025-05-03,5,999,3996.0,20,437.87,Net Banking,Completed,4,Google Ads,Mobile
CUST10439,Siddharth Deshmukh,51,Male,Thane,Maharashtra,Books,Business Book,ORD101157,2025-06-22,1,599,539.1,10,111.11,Net Banking,Completed,4,YouTube,Mobile
CUST10370,Arjun Pawar,26,Male,Hyderabad,Telangana,Beauty,Face Wash,ORD101158,2025-01-29,1,349,331.55,5,84.53,Net Banking,Completed,3,Organic Search,Tablet
CUST10365,Diya Deshmukh,47,Male,Pune,Maharashtra,Electronics,Bluetooth Speaker,ORD101159,2025-04-22,2,1999,3998.0,0,1081.69,UPI,Completed,4,Organic Search,Tablet
CUST10852,Isha Shah,24,Male,Hyderabad,Telangana,Beauty,Perfume,ORD101160,2025-03-15,4,999,3196.8,20,667.59,Debit Card,Completed,5,Email,Tablet
CUST10935,Aryan Verma,53,Male,Mumbai,Maharashtra,Electronics,USB-C Hub,ORD101161,2025-05-02,4,1299,4936.2,5,733.13,Cash on Delivery,Completed,5,YouTube,Tablet
CUST10019,Vivaan Gupta,32,Female,Nashik,Maharashtra,Home,Storage Box,ORD101162,2025-07-09,1,899,899.0,0,90.34,Cash on Delivery,Completed,5,Google Ads,Tablet
CUST10724,Siddharth Verma,54,Male,Navi Mumbai,Maharashtra,Fashion,T-Shirt,ORD101163,2025-03-26,4,599,2156.4,10,423.9,Cash on Delivery,Completed,5,Facebook,Tablet
CUST10594,Siddharth Nair,53,Female,Delhi,Delhi,Books,Self Help Book,ORD101164,2025-06-01,4,449,1796.0,0,463.06,Net Banking,Completed,4,YouTube,Tablet
CUST10111,Ananya Shah,24,Male,Nagpur,Maharashtra,Home,Table Lamp,ORD101165,2025-04-10,5,799,3595.5,10,697.15,Credit Card,Returned,2,Instagram,Desktop
CUST10656,Isha Khan,54,Male,Jaipur,Rajasthan,Books,Novel,ORD101166,2025-10-13,4,399,1276.8,20,280.81,UPI,Completed,4,Organic Search,Desktop
CUST10930,Meera Deshmukh,31,Male,Indore,Madhya Pradesh,Home,Storage Box,ORD101167,2025-06-16,2,899,1438.4,20,289.62,Debit Card,Completed,5,YouTube,Mobile
CUST10350,Sara Jadhav,19,Male,Indore,Madhya Pradesh,Home,Table Lamp,ORD101168,2025-03-02,3,799,2037.45,15,524.55,UPI,Returned,4,Facebook,Mobile
CUST10075,Sara Kulkarni,27,Female,Delhi,Delhi,Beauty,Shampoo,ORD101169,2025-07-13,1,599,479.2,20,74.99,Credit Card,Completed,5,Google Ads,Tablet
CUST10796,Arjun Kulkarni,27,Female,Bengaluru,Karnataka,Fashion,Backpack,ORD101170,2025-03-03,3,999,2397.6,20,353.34,Debit Card,Completed,3,Organic Search,Tablet
CUST10002,Kiara Jadhav,37,Male,Nashik,Maharashtra,Books,Python Book,ORD101171,2025-03-26,1,699,699.0,0,172.31,UPI,Completed,3,YouTube,Tablet
CUST10343,Diya Patil,21,Female,Delhi,Delhi,Electronics,Power Bank,ORD101172,2025-12-09,5,899,4270.25,5,405.72,UPI,Completed,5,Google Ads,Mobile
CUST10793,Nisha Kulkarni,35,Male,Delhi,Delhi,Electronics,Bluetooth Speaker,ORD101173,2025-06-14,5,1999,9995.0,0,2514.42,Credit Card,Completed,4,YouTube,Tablet
CUST10289,Isha Kulkarni,27,Female,Nagpur,Maharashtra,Electronics,Bluetooth Speaker,ORD101174,2025-09-11,2,1999,3598.2,10,482.25,Net Banking,Completed,5,Instagram,Mobile
CUST10894,Rohan Pawar,43,Female,Ahmedabad,Gujarat,Beauty,Moisturizer,ORD101175,2025-10-12,5,499,2370.25,5,352.95,Net Banking,Completed,5,YouTube,Tablet
CUST10691,Diya Reddy,21,Female,Surat,Gujarat,Fashion,Backpack,ORD101176,2025-05-15,5,999,4995.0,0,1167.94,Cash on Delivery,Completed,5,Email,Mobile
CUST10112,Kabir Singh,32,Male,Nagpur,Maharashtra,Electronics,Smart Watch,ORD101177,2025-03-29,3,2499,6747.3,10,1504.54,Net Banking,Completed,4,Facebook,Mobile
CUST10244,Kabir Nair,28,Male,Bengaluru,Karnataka,Electronics,Wireless Headphones,ORD101178,2025-02-27,5,1499,7120.25,5,570.28,Cash on Delivery,Completed,4,YouTube,Desktop
CUST10315,Priya Mehta,54,Female,Nashik,Maharashtra,Home,Cushion Set,ORD101179,2025-02-08,1,599,569.05,5,70.36,Debit Card,Cancelled,3,Facebook,Mobile
CUST10055,Kiara Joshi,21,Male,Ahmedabad,Gujarat,Fashion,Jacket,ORD101180,2025-02-18,3,1899,4557.6,20,403.8,Credit Card,Completed,4,Organic Search,Mobile
CUST10938,Arjun Khan,48,Female,Kolkata,West Bengal,Books,Novel,ORD101181,2025-09-13,2,399,678.3,15,154.78,Credit Card,Completed,3,Google Ads,Mobile
CUST10176,Aditya Reddy,49,Male,Surat,Gujarat,Books,Self Help Book,ORD101182,2025-05-14,2,449,898.0,0,184.68,Cash on Delivery,Completed,4,Facebook,Desktop
CUST10327,Nisha Singh,32,Female,Ahmedabad,Gujarat,Beauty,Moisturizer,ORD101183,2025-09-21,5,499,2370.25,5,605.19,Net Banking,Completed,5,Google Ads,Desktop
CUST10242,Aarav Singh,55,Female,Nagpur,Maharashtra,Books,Business Book,ORD101184,2025-12-25,4,599,2396.0,0,409.03,Net Banking,Completed,4,Facebook,Mobile
CUST10358,Aanya Jadhav,18,Male,Surat,Gujarat,Beauty,Face Serum,ORD101185,2025-03-29,2,699,1398.0,0,296.07,Debit Card,Completed,5,YouTube,Mobile
CUST10667,Aanya Sharma,39,Female,Pune,Maharashtra,Books,Business Book,ORD101186,2025-03-18,1,599,539.1,10,86.79,Credit Card,Completed,5,Google Ads,Tablet
CUST10639,Kiara Khan,47,Female,Nashik,Maharashtra,Books,Novel,ORD101187,2025-12-16,5,399,1596.0,20,298.22,Cash on Delivery,Completed,4,Facebook,Desktop
CUST10613,Rahul Deshmukh,20,Male,Jaipur,Rajasthan,Home,Table Lamp,ORD101188,2025-10-05,5,799,3795.25,5,806.35,Debit Card,Completed,5,Facebook,Desktop
CUST10463,Siddharth Reddy,56,Male,Kolkata,West Bengal,Home,Storage Box,ORD101189,2025-11-28,5,899,3596.0,20,740.43,Cash on Delivery,Completed,4,Facebook,Desktop
CUST10192,Meera Patil,40,Male,Jaipur,Rajasthan,Fashion,Jeans,ORD101190,2025-09-02,5,1299,5520.75,15,935.85,UPI,Completed,5,Facebook,Desktop
CUST10589,Aditya Shah,22,Female,Thane,Maharashtra,Beauty,Perfume,ORD101191,2025-10-05,5,999,3996.0,20,713.26,Net Banking,Completed,5,Facebook,Desktop
CUST10001,Rohan Joshi,51,Male,Ahmedabad,Gujarat,Books,Data Science Book,ORD101192,2025-09-30,4,799,3196.0,0,760.99,Net Banking,Completed,5,YouTube,Mobile
CUST10040,Aanya Sharma,35,Male,Kolkata,West Bengal,Electronics,Bluetooth Speaker,ORD101193,2025-06-19,4,1999,6796.6,15,1532.89,UPI,Completed,5,YouTube,Mobile
CUST10201,Sara Deshmukh,39,Female,Nashik,Maharashtra,Home,Wall Clock,ORD101194,2025-07-21,3,699,1992.15,5,531.6,Credit Card,Completed,4,Email,Tablet
CUST10560,Aryan Kulkarni,26,Male,Thane,Maharashtra,Books,Self Help Book,ORD101195,2025-04-24,3,449,1144.95,15,281.73,Cash on Delivery,Completed,3,Google Ads,Desktop
CUST10176,Ishaan Patil,38,Male,Delhi,Delhi,Fashion,Backpack,ORD101196,2025-06-25,3,999,2547.45,15,294.43,Net Banking,Completed,5,Facebook,Mobile
CUST10027,Ananya Mehta,56,Male,Surat,Gujarat,Home,Table Lamp,ORD101197,2025-12-30,2,799,1278.4,20,129.43,Net Banking,Completed,4,Facebook,Desktop
CUST10899,Aarav Shah,38,Female,Delhi,Delhi,Beauty,Shampoo,ORD101198,2025-06-06,3,599,1707.15,5,139.17,Cash on Delivery,Completed,3,Facebook,Mobile
CUST10813,Priya Shah,48,Male,Indore,Madhya Pradesh,Fashion,T-Shirt,ORD101199,2025-06-20,2,599,958.4,20,236.35,UPI,Completed,4,Google Ads,Desktop
CUST10178,Siddharth Patil,38,Female,Nagpur,Maharashtra,Home,Cushion Set,ORD101200,2025-04-14,1,599,539.1,10,132.36,Debit Card,Completed,5,Facebook,Mobile
CUST10273,Priya Pawar,51,Female,Surat,Gujarat,Electronics,Smart Watch,ORD101201,2025-01-24,4,2499,8496.6,15,2126.8,Credit Card,Completed,5,YouTube,Tablet
CUST10713,Siddharth Jadhav,23,Male,Jaipur,Rajasthan,Electronics,Bluetooth Speaker,ORD101202,2025-09-28,2,1999,3398.3,15,532.13,Cash on Delivery,Cancelled,1,Facebook,Desktop
CUST10412,Nisha Pawar,26,Male,Hyderabad,Telangana,Beauty,Face Wash,ORD101203,2025-09-21,3,349,942.3,10,99.84,Credit Card,Completed,4,Instagram,Desktop
CUST10142,Isha Sharma,38,Female,Hyderabad,Telangana,Books,Self Help Book,ORD101204,2025-05-24,4,449,1526.6,15,286.67,Net Banking,Completed,3,YouTube,Desktop
CUST10295,Ishaan Mehta,58,Female,Hyderabad,Telangana,Home,Storage Box,ORD101205,2025-06-12,4,899,3236.4,10,774.54,Credit Card,Completed,5,Facebook,Mobile
CUST10382,Aditya Jadhav,45,Male,Thane,Maharashtra,Home,Table Lamp,ORD101206,2025-01-22,2,799,1598.0,0,409.88,Credit Card,Completed,4,Facebook,Tablet
CUST10535,Aditya Gupta,26,Male,Indore,Madhya Pradesh,Electronics,Bluetooth Speaker,ORD101207,2025-06-15,3,1999,5997.0,0,729.65,Credit Card,Completed,3,YouTube,Tablet
CUST10503,Arjun Verma,37,Male,Delhi,Delhi,Home,Storage Box,ORD101208,2025-10-28,5,899,3596.0,20,563.18,Credit Card,Completed,5,Organic Search,Tablet
CUST10757,Isha Singh,58,Male,Indore,Madhya Pradesh,Beauty,Shampoo,ORD101209,2025-03-08,4,599,2276.2,5,522.11,Credit Card,Completed,5,Email,Desktop
CUST10900,Riya Gupta,29,Male,Nagpur,Maharashtra,Books,Novel,ORD101210,2025-03-06,2,399,758.1,5,187.45,UPI,Completed,3,YouTube,Desktop
CUST10475,Vivaan Khan,18,Male,Chennai,Tamil Nadu,Electronics,USB-C Hub,ORD101211,2025-03-23,2,1299,2208.3,15,292.55,Debit Card,Completed,5,Google Ads,Tablet
CUST10576,Diya Mehta,23,Female,Nashik,Maharashtra,Beauty,Moisturizer,ORD101212,2025-06-14,2,499,898.2,10,158.1,Debit Card,Completed,4,Organic Search,Mobile
CUST10922,Kiara Sharma,38,Male,Delhi,Delhi,Fashion,Backpack,ORD101213,2025-12-09,1,999,799.2,20,194.47,Cash on Delivery,Completed,4,Instagram,Tablet
CUST10807,Vivaan Mehta,29,Female,Pune,Maharashtra,Beauty,Face Wash,ORD101214,2025-12-18,4,349,1326.2,5,122.89,Credit Card,Completed,4,Facebook,Tablet
CUST10979,Aarav Joshi,29,Male,Chennai,Tamil Nadu,Fashion,Jeans,ORD101215,2025-04-20,5,1299,5196.0,20,1360.98,UPI,Completed,3,YouTube,Desktop
CUST10720,Kiara Patil,58,Female,Jaipur,Rajasthan,Home,Bedsheet,ORD101216,2025-03-27,5,1199,4796.0,20,521.68,Credit Card,Completed,4,Facebook,Tablet
CUST10297,Sara Verma,35,Female,Nagpur,Maharashtra,Beauty,Face Wash,ORD101217,2025-09-10,4,349,1186.6,15,269.86,Credit Card,Completed,4,Google Ads,Tablet
CUST10585,Ishaan Shah,49,Female,Navi Mumbai,Maharashtra,Books,Novel,ORD101218,2025-10-26,2,399,678.3,15,136.15,Credit Card,Completed,3,Organic Search,Mobile
CUST10142,Ananya Gupta,60,Male,Nashik,Maharashtra,Books,Business Book,ORD101219,2025-04-20,5,599,2545.75,15,569.62,Cash on Delivery,Completed,4,Facebook,Tablet
CUST10272,Rohan Sharma,24,Male,Nagpur,Maharashtra,Fashion,Sneakers,ORD101220,2025-03-30,4,2199,8796.0,0,1667.69,Cash on Delivery,Completed,3,Organic Search,Tablet
CUST10527,Riya Mehta,50,Female,Jaipur,Rajasthan,Books,Business Book,ORD101221,2025-12-27,3,599,1707.15,5,373.29,Debit Card,Completed,5,Instagram,Mobile
CUST10876,Vivaan Jadhav,20,Female,Kolkata,West Bengal,Fashion,T-Shirt,ORD101222,2025-07-18,3,599,1617.3,10,205.81,Cash on Delivery,Completed,5,Email,Mobile
CUST10965,Aanya Nair,28,Male,Bengaluru,Karnataka,Fashion,Backpack,ORD101223,2025-11-26,1,999,999.0,0,235.55,Cash on Delivery,Completed,5,YouTube,Desktop
CUST10482,Aditya Verma,30,Male,Kolkata,West Bengal,Beauty,Shampoo,ORD101224,2025-04-11,5,599,2845.25,5,259.88,UPI,Cancelled,4,Instagram,Tablet
CUST10888,Aditya Shah,25,Female,Chennai,Tamil Nadu,Fashion,Jacket,ORD101225,2025-03-01,1,1899,1804.05,5,408.35,Net Banking,Completed,3,Organic Search,Desktop
CUST10124,Vivaan Patil,56,Male,Jaipur,Rajasthan,Electronics,Wireless Headphones,ORD101226,2025-03-08,1,1499,1274.15,15,204.55,Cash on Delivery,Cancelled,1,YouTube,Mobile
CUST10198,Ananya Kulkarni,51,Male,Bengaluru,Karnataka,Beauty,Moisturizer,ORD101227,2025-04-20,2,499,798.4,20,183.12,Net Banking,Completed,5,Organic Search,Desktop
CUST10292,Rahul Singh,59,Male,Nagpur,Maharashtra,Home,Storage Box,ORD101228,2025-05-25,1,899,854.05,5,198.88,UPI,Completed,3,Facebook,Tablet
CUST10199,Ananya Nair,18,Male,Delhi,Delhi,Books,Python Book,ORD101229,2025-07-12,2,699,1328.1,5,264.64,Debit Card,Completed,5,Email,Tablet
CUST10795,Aarav Jadhav,31,Male,Delhi,Delhi,Books,Self Help Book,ORD101230,2025-10-26,3,449,1279.65,5,301.8,UPI,Completed,3,Instagram,Desktop
CUST10218,Ishaan Gupta,45,Male,Pune,Maharashtra,Home,Storage Box,ORD101231,2025-06-07,3,899,2157.6,20,330.84,UPI,Completed,3,Email,Mobile
CUST10285,Aarav Deshmukh,48,Male,Indore,Madhya Pradesh,Electronics,Power Bank,ORD101232,2025-09-03,1,899,809.1,10,164.13,UPI,Completed,4,Instagram,Tablet
CUST10544,Meera Pawar,23,Male,Chennai,Tamil Nadu,Beauty,Perfume,ORD101233,2025-03-08,5,999,4995.0,0,811.53,UPI,Completed,4,Email,Desktop
CUST10980,Aarav Gupta,36,Male,Thane,Maharashtra,Electronics,Smart Watch,ORD101234,2025-07-05,1,2499,2499.0,0,208.35,Net Banking,Cancelled,4,Facebook,Tablet
CUST10864,Isha Reddy,37,Female,Bengaluru,Karnataka,Books,Novel,ORD101235,2025-06-28,3,399,1017.45,15,201.48,Credit Card,Completed,4,Instagram,Desktop
CUST10126,Rohan Nair,34,Male,Bengaluru,Karnataka,Beauty,Perfume,ORD101236,2025-01-31,1,999,999.0,0,88.74,UPI,Completed,5,Instagram,Mobile
CUST10014,Sara Gupta,24,Female,Jaipur,Rajasthan,Beauty,Perfume,ORD101237,2025-08-05,3,999,2997.0,0,532.86,Cash on Delivery,Completed,5,Google Ads,Tablet
CUST10044,Meera Patil,27,Female,Kolkata,West Bengal,Books,Novel,ORD101238,2025-08-26,1,399,359.1,10,79.31,Net Banking,Completed,5,Organic Search,Mobile
CUST10308,Meera Pawar,32,Male,Nagpur,Maharashtra,Home,Table Lamp,ORD101239,2025-09-29,1,799,719.1,10,109.46,Credit Card,Returned,4,Organic Search,Mobile
CUST10721,Aarav Sharma,54,Male,Pune,Maharashtra,Beauty,Moisturizer,ORD101240,2025-12-13,3,499,1197.6,20,301.65,Net Banking,Completed,4,Facebook,Desktop
CUST10945,Kabir Patil,53,Male,Bengaluru,Karnataka,Electronics,Bluetooth Speaker,ORD101241,2025-03-22,2,1999,3798.1,5,764.91,Debit Card,Completed,4,Organic Search,Desktop
CUST10273,Aditya Joshi,55,Male,Delhi,Delhi,Electronics,USB-C Hub,ORD101242,2025-09-01,2,1299,2468.1,5,542.72,Net Banking,Completed,3,Organic Search,Desktop
CUST10936,Ananya Kulkarni,55,Female,Pune,Maharashtra,Electronics,Wireless Headphones,ORD101243,2025-09-06,1,1499,1499.0,0,253.91,Debit Card,Completed,3,Google Ads,Mobile
CUST10068,Kiara Gupta,52,Female,Ahmedabad,Gujarat,Books,Novel,ORD101244,2025-06-11,5,399,1795.5,10,349.82,Debit Card,Completed,5,Instagram,Mobile
CUST10067,Kiara Verma,59,Male,Thane,Maharashtra,Books,Business Book,ORD101245,2025-09-10,4,599,1916.8,20,356.21,Credit Card,Completed,5,Organic Search,Tablet
CUST10294,Isha Khan,56,Male,Bengaluru,Karnataka,Books,Python Book,ORD101246,2025-02-20,1,699,594.15,15,155.44,UPI,Completed,4,Organic Search,Desktop
CUST10297,Aryan Gupta,29,Female,Chennai,Tamil Nadu,Home,Cushion Set,ORD101247,2025-09-21,2,599,1138.1,5,258.8,Cash on Delivery,Completed,5,Facebook,Mobile
CUST10865,Aarav Patil,34,Female,Chennai,Tamil Nadu,Fashion,Jacket,ORD101248,2025-01-27,2,1899,3798.0,0,466.65,Credit Card,Completed,5,Google Ads,Mobile
CUST10719,Rahul Kulkarni,60,Male,Delhi,Delhi,Electronics,Bluetooth Speaker,ORD101249,2025-02-12,1,1999,1599.2,20,429.77,Cash on Delivery,Completed,5,Facebook,Tablet
CUST10835,Rohan Reddy,25,Female,Chennai,Tamil Nadu,Electronics,Power Bank,ORD101250,2025-10-28,1,899,719.2,20,129.98,UPI,Returned,1,Facebook,Desktop
CUST10996,Siddharth Mehta,26,Female,Indore,Madhya Pradesh,Fashion,T-Shirt,ORD101251,2025-04-30,4,599,2156.4,10,397.62,Cash on Delivery,Completed,4,Email,Desktop
CUST10849,Sara Deshmukh,21,Male,Indore,Madhya Pradesh,Electronics,Bluetooth Speaker,ORD101252,2025-06-13,5,1999,9995.0,0,1636.76,Credit Card,Completed,3,Instagram,Desktop
CUST10811,Siddharth Shah,43,Male,Chennai,Tamil Nadu,Electronics,Wireless Headphones,ORD101253,2025-12-12,2,1499,2398.4,20,619.26,Credit Card,Completed,4,Facebook,Tablet
CUST10265,Meera Pawar,43,Male,Delhi,Delhi,Books,Business Book,ORD101254,2025-07-01,1,599,539.1,10,47.78,UPI,Completed,3,Facebook,Desktop
CUST10342,Isha Sharma,49,Female,Pune,Maharashtra,Books,Data Science Book,ORD101255,2025-12-20,2,799,1358.3,15,185.85,Net Banking,Completed,3,Email,Mobile
CUST10856,Kiara Jadhav,60,Female,Jaipur,Rajasthan,Beauty,Moisturizer,ORD101256,2025-08-04,3,499,1497.0,0,384.66,Cash on Delivery,Completed,4,Organic Search,Desktop
CUST10157,Ishaan Reddy,57,Male,Hyderabad,Telangana,Beauty,Face Wash,ORD101257,2025-03-19,3,349,889.95,15,162.27,Cash on Delivery,Completed,3,Email,Mobile
CUST10984,Rahul Reddy,40,Male,Delhi,Delhi,Books,Data Science Book,ORD101258,2025-03-06,4,799,2876.4,10,542.27,Credit Card,Completed,5,Email,Tablet
CUST10070,Nisha Sharma,45,Male,Delhi,Delhi,Fashion,Sneakers,ORD101259,2025-09-27,4,2199,7476.6,15,824.43,Net Banking,Completed,5,Google Ads,Tablet
CUST10841,Aditya Verma,22,Male,Surat,Gujarat,Fashion,T-Shirt,ORD101260,2025-11-04,5,599,2845.25,5,431.2,Credit Card,Completed,3,YouTube,Desktop
CUST10097,Kabir Singh,44,Male,Pune,Maharashtra,Electronics,Bluetooth Speaker,ORD101261,2025-05-11,2,1999,3798.1,5,337.11,Net Banking,Completed,5,Email,Tablet
CUST10033,Aanya Reddy,35,Male,Mumbai,Maharashtra,Home,Cushion Set,ORD101262,2025-02-19,2,599,1078.2,10,113.12,Credit Card,Completed,5,YouTube,Desktop
CUST10552,Kiara Khan,43,Male,Thane,Maharashtra,Electronics,Power Bank,ORD101263,2025-03-06,4,899,3596.0,0,843.19,Cash on Delivery,Completed,5,Facebook,Tablet
CUST10807,Diya Singh,53,Male,Mumbai,Maharashtra,Fashion,T-Shirt,ORD101264,2025-07-31,3,599,1797.0,0,302.92,Credit Card,Completed,3,Email,Tablet
CUST10406,Diya Verma,52,Female,Nashik,Maharashtra,Beauty,Face Serum,ORD101265,2025-05-08,5,699,2796.0,20,673.71,Cash on Delivery,Completed,5,Facebook,Desktop
CUST10629,Kiara Verma,23,Female,Thane,Maharashtra,Home,Wall Clock,ORD101266,2025-12-04,5,699,3145.5,10,867.46,Credit Card,Completed,3,YouTube,Tablet
CUST10700,Vivaan Nair,48,Male,Kolkata,West Bengal,Home,Bedsheet,ORD101267,2025-02-06,4,1199,4796.0,0,720.61,UPI,Completed,4,Instagram,Tablet
CUST10058,Kabir Khan,38,Female,Hyderabad,Telangana,Fashion,Jacket,ORD101268,2025-05-14,2,1899,3798.0,0,694.78,Net Banking,Completed,5,Organic Search,Mobile
CUST10301,Nisha Kulkarni,59,Male,Mumbai,Maharashtra,Books,Python Book,ORD101269,2025-10-25,2,699,1258.2,10,234.11,Net Banking,Completed,3,Organic Search,Tablet
CUST10840,Sara Shah,45,Female,Surat,Gujarat,Beauty,Perfume,ORD101270,2025-08-12,4,999,3996.0,0,580.92,Debit Card,Completed,3,Email,Desktop
CUST10197,Priya Jadhav,46,Female,Surat,Gujarat,Home,Storage Box,ORD101271,2025-06-07,1,899,719.2,20,122.35,Cash on Delivery,Completed,3,Facebook,Mobile
CUST10718,Aryan Nair,41,Male,Delhi,Delhi,Home,Cushion Set,ORD101272,2025-04-05,4,599,2276.2,5,571.0,Debit Card,Completed,4,Google Ads,Mobile
CUST10302,Nisha Shah,40,Female,Delhi,Delhi,Fashion,T-Shirt,ORD101273,2025-04-06,1,599,509.15,15,57.05,Credit Card,Completed,3,Organic Search,Desktop
CUST10727,Priya Verma,43,Female,Indore,Madhya Pradesh,Fashion,Sneakers,ORD101274,2025-02-23,5,2199,10995.0,0,1737.53,UPI,Completed,4,Google Ads,Desktop
CUST10493,Sara Jadhav,51,Female,Indore,Madhya Pradesh,Beauty,Face Wash,ORD101275,2025-08-31,1,349,279.2,20,23.17,Net Banking,Completed,4,Facebook,Mobile
CUST10654,Rahul Shah,56,Male,Nagpur,Maharashtra,Home,Cushion Set,ORD101276,2025-07-29,1,599,539.1,10,91.23,Net Banking,Completed,3,Google Ads,Mobile
CUST10748,Rahul Sharma,31,Male,Ahmedabad,Gujarat,Books,Python Book,ORD101277,2025-08-09,2,699,1188.3,15,176.38,Net Banking,Completed,5,Facebook,Mobile
CUST10516,Rahul Joshi,34,Female,Bengaluru,Karnataka,Books,Data Science Book,ORD101278,2025-10-13,3,799,2277.15,5,238.37,Debit Card,Completed,3,Email,Desktop
CUST10866,Vivaan Sharma,45,Female,Jaipur,Rajasthan,Home,Wall Clock,ORD101279,2025-06-23,3,699,1887.3,10,397.17,UPI,Completed,3,Google Ads,Mobile
CUST10681,Meera Verma,52,Male,Nagpur,Maharashtra,Books,Business Book,ORD101280,2025-07-23,5,599,2995.0,0,509.6,Debit Card,Completed,3,YouTube,Tablet
CUST10732,Priya Deshmukh,19,Male,Kolkata,West Bengal,Fashion,Backpack,ORD101281,2025-02-07,5,999,4245.75,15,921.4,UPI,Cancelled,3,YouTube,Tablet
CUST10812,Nisha Jadhav,42,Male,Mumbai,Maharashtra,Fashion,T-Shirt,ORD101282,2025-04-10,3,599,1617.3,10,360.58,Credit Card,Completed,5,Email,Tablet
CUST10107,Ishaan Shah,32,Male,Hyderabad,Telangana,Home,Bedsheet,ORD101283,2025-12-25,3,1199,3597.0,0,313.49,Cash on Delivery,Completed,5,Google Ads,Tablet
CUST10939,Meera Singh,50,Female,Surat,Gujarat,Home,Storage Box,ORD101284,2025-03-30,1,899,764.15,15,113.91,Debit Card,Completed,4,Email,Desktop
CUST10110,Sara Gupta,52,Male,Delhi,Delhi,Home,Table Lamp,ORD101285,2025-08-19,4,799,2556.8,20,521.35,UPI,Completed,5,YouTube,Tablet
CUST10753,Aryan Kulkarni,56,Female,Kolkata,West Bengal,Electronics,Smart Watch,ORD101286,2025-09-20,5,2499,10620.75,15,2889.58,Net Banking,Completed,5,Facebook,Tablet
CUST10137,Kiara Mehta,50,Female,Chennai,Tamil Nadu,Fashion,Backpack,ORD101287,2025-06-11,1,999,899.1,10,250.53,Net Banking,Completed,5,Google Ads,Desktop
CUST10275,Rohan Verma,42,Female,Surat,Gujarat,Fashion,T-Shirt,ORD101288,2025-07-15,1,599,479.2,20,90.13,Credit Card,Completed,3,Instagram,Tablet
CUST10031,Kiara Singh,28,Male,Kolkata,West Bengal,Books,Data Science Book,ORD101289,2025-03-19,2,799,1278.4,20,304.86,Net Banking,Returned,4,Instagram,Tablet
CUST10016,Riya Nair,50,Male,Nagpur,Maharashtra,Electronics,USB-C Hub,ORD101290,2025-03-04,5,1299,6170.25,5,700.67,Credit Card,Completed,3,Instagram,Mobile
CUST10612,Aarav Patil,51,Male,Indore,Madhya Pradesh,Beauty,Perfume,ORD101291,2025-01-16,4,999,3396.6,15,349.59,Cash on Delivery,Completed,5,YouTube,Desktop
CUST10241,Arjun Sharma,53,Female,Ahmedabad,Gujarat,Electronics,Bluetooth Speaker,ORD101292,2025-02-17,2,1999,3598.2,10,563.99,Cash on Delivery,Completed,5,Email,Desktop
CUST10323,Aditya Shah,50,Male,Kolkata,West Bengal,Electronics,Power Bank,ORD101293,2025-10-09,3,899,2292.45,15,542.41,Debit Card,Completed,3,Organic Search,Tablet
CUST10449,Vivaan Sharma,30,Male,Navi Mumbai,Maharashtra,Electronics,Power Bank,ORD101294,2025-05-23,4,899,3416.2,5,275.69,UPI,Cancelled,4,Email,Mobile
CUST10307,Isha Khan,60,Male,Indore,Madhya Pradesh,Beauty,Perfume,ORD101295,2025-11-28,3,999,2997.0,0,284.01,UPI,Completed,4,YouTube,Mobile
CUST10481,Siddharth Sharma,46,Male,Ahmedabad,Gujarat,Books,Python Book,ORD101296,2025-10-30,1,699,594.15,15,120.51,UPI,Completed,5,Facebook,Tablet
CUST10582,Sara Jadhav,30,Female,Mumbai,Maharashtra,Beauty,Perfume,ORD101297,2025-03-14,5,999,4745.25,5,658.83,Cash on Delivery,Completed,5,Facebook,Desktop
CUST10484,Nisha Singh,18,Female,Nashik,Maharashtra,Books,Data Science Book,ORD101298,2025-09-24,5,799,3395.75,15,650.65,Cash on Delivery,Cancelled,1,YouTube,Tablet
CUST10466,Nisha Patil,41,Female,Kolkata,West Bengal,Electronics,Bluetooth Speaker,ORD101299,2025-08-21,5,1999,8495.75,15,986.54,Net Banking,Completed,5,Google Ads,Tablet
CUST10851,Rohan Sharma,23,Male,Chennai,Tamil Nadu,Fashion,Jacket,ORD101300,2025-11-20,3,1899,4842.45,15,1209.91,Credit Card,Completed,5,Organic Search,Mobile
CUST10995,Sara Nair,18,Male,Thane,Maharashtra,Books,Python Book,ORD101301,2025-07-04,2,699,1398.0,0,331.04,UPI,Completed,4,Organic Search,Desktop
CUST10817,Aditya Kulkarni,26,Female,Bengaluru,Karnataka,Beauty,Shampoo,ORD101302,2025-02-08,4,599,1916.8,20,224.22,Cash on Delivery,Completed,5,Instagram,Desktop
CUST10461,Rohan Khan,35,Female,Pune,Maharashtra,Fashion,Jeans,ORD101303,2025-06-21,2,1299,2078.4,20,558.27,UPI,Completed,3,YouTube,Desktop
CUST10130,Ishaan Reddy,26,Female,Ahmedabad,Gujarat,Electronics,USB-C Hub,ORD101304,2025-01-24,3,1299,3507.3,10,542.12,UPI,Completed,5,Facebook,Mobile
CUST10420,Priya Nair,18,Female,Nashik,Maharashtra,Books,Novel,ORD101305,2025-04-23,1,399,399.0,0,82.36,Debit Card,Cancelled,3,Google Ads,Desktop
CUST10498,Rohan Verma,48,Male,Nashik,Maharashtra,Fashion,Backpack,ORD101306,2025-05-24,2,999,1598.4,20,323.2,Cash on Delivery,Completed,3,YouTube,Tablet
CUST10007,Ishaan Pawar,46,Male,Nashik,Maharashtra,Fashion,T-Shirt,ORD101307,2025-10-05,2,599,1018.3,15,96.23,Net Banking,Cancelled,3,Google Ads,Mobile
CUST10908,Sara Kulkarni,21,Female,Jaipur,Rajasthan,Electronics,Wireless Headphones,ORD101308,2025-11-09,5,1499,6745.5,10,1854.64,UPI,Completed,4,YouTube,Mobile
CUST10474,Isha Patil,20,Male,Navi Mumbai,Maharashtra,Home,Bedsheet,ORD101309,2025-03-11,4,1199,4796.0,0,1171.01,UPI,Completed,3,Organic Search,Tablet
CUST10831,Aarav Singh,34,Male,Navi Mumbai,Maharashtra,Electronics,USB-C Hub,ORD101310,2025-06-17,5,1299,5845.5,10,1124.41,Credit Card,Completed,3,Facebook,Tablet
CUST10424,Kiara Mehta,54,Female,Bengaluru,Karnataka,Fashion,Jacket,ORD101311,2025-05-23,3,1899,5412.15,5,1077.21,UPI,Returned,1,Facebook,Tablet
CUST10794,Priya Gupta,37,Male,Hyderabad,Telangana,Books,Novel,ORD101312,2025-06-20,2,399,798.0,0,69.51,Cash on Delivery,Completed,4,YouTube,Tablet
CUST10431,Rahul Patil,47,Male,Delhi,Delhi,Home,Bedsheet,ORD101313,2025-05-04,3,1199,3057.45,15,401.16,Cash on Delivery,Completed,3,Google Ads,Desktop
CUST10561,Sara Khan,20,Female,Surat,Gujarat,Beauty,Perfume,ORD101314,2025-05-09,2,999,1598.4,20,303.04,Debit Card,Cancelled,2,Instagram,Desktop
CUST10950,Diya Reddy,58,Male,Jaipur,Rajasthan,Home,Cushion Set,ORD101315,2025-06-21,2,599,958.4,20,85.76,Debit Card,Completed,4,YouTube,Mobile
CUST10609,Meera Shah,39,Female,Delhi,Delhi,Home,Table Lamp,ORD101316,2025-10-17,3,799,2037.45,15,227.97,UPI,Completed,3,Facebook,Desktop
CUST10474,Arjun Sharma,49,Female,Indore,Madhya Pradesh,Home,Table Lamp,ORD101317,2025-02-21,5,799,3995.0,0,1030.3,Cash on Delivery,Returned,1,Organic Search,Mobile
CUST10380,Rohan Joshi,36,Male,Chennai,Tamil Nadu,Beauty,Perfume,ORD101318,2025-01-13,1,999,949.05,5,107.85,Credit Card,Completed,5,Email,Desktop
CUST10011,Rahul Sharma,23,Male,Ahmedabad,Gujarat,Fashion,Jeans,ORD101319,2025-10-17,4,1299,4676.4,10,1108.24,Credit Card,Completed,3,Organic Search,Tablet
CUST10266,Aditya Joshi,25,Male,Indore,Madhya Pradesh,Home,Bedsheet,ORD101320,2025-12-02,2,1199,2158.2,10,589.88,Net Banking,Completed,5,YouTube,Tablet
CUST10954,Meera Verma,20,Male,Navi Mumbai,Maharashtra,Beauty,Face Wash,ORD101321,2025-08-26,4,349,1326.2,5,330.1,Debit Card,Completed,3,YouTube,Tablet
CUST10792,Aarav Reddy,32,Female,Chennai,Tamil Nadu,Electronics,Wireless Headphones,ORD101322,2025-12-13,1,1499,1274.15,15,175.28,UPI,Completed,4,Instagram,Tablet
CUST10066,Aarav Verma,40,Male,Indore,Madhya Pradesh,Fashion,T-Shirt,ORD101323,2025-11-10,2,599,1018.3,15,90.75,UPI,Completed,4,Facebook,Desktop
CUST10151,Aryan Kulkarni,39,Male,Kolkata,West Bengal,Books,Self Help Book,ORD101324,2025-05-05,2,449,718.4,20,109.08,UPI,Cancelled,3,Email,Desktop
CUST10076,Vivaan Khan,49,Male,Pune,Maharashtra,Books,Self Help Book,ORD101325,2025-08-08,1,449,449.0,0,71.64,Cash on Delivery,Cancelled,1,Organic Search,Tablet
CUST10869,Ishaan Sharma,33,Female,Bengaluru,Karnataka,Beauty,Face Serum,ORD101326,2025-04-22,3,699,1992.15,5,444.91,Debit Card,Completed,5,Email,Tablet
CUST10224,Aryan Sharma,18,Female,Ahmedabad,Gujarat,Beauty,Perfume,ORD101327,2025-03-22,4,999,3396.6,15,787.17,Credit Card,Completed,3,YouTube,Desktop
CUST10551,Aditya Singh,31,Male,Surat,Gujarat,Beauty,Shampoo,ORD101328,2025-04-05,3,599,1707.15,5,443.46,Debit Card,Completed,4,Instagram,Tablet
CUST10586,Kiara Pawar,27,Male,Mumbai,Maharashtra,Fashion,Jeans,ORD101329,2025-02-05,3,1299,3507.3,10,881.04,UPI,Completed,3,YouTube,Desktop
CUST10091,Aanya Gupta,18,Male,Surat,Gujarat,Books,Self Help Book,ORD101330,2025-01-08,4,449,1436.8,20,187.73,Net Banking,Completed,3,Organic Search,Desktop
CUST10462,Nisha Reddy,18,Male,Nagpur,Maharashtra,Home,Wall Clock,ORD101331,2025-10-16,4,699,2516.4,10,580.9,Debit Card,Completed,5,Facebook,Mobile
CUST10817,Kiara Pawar,55,Male,Pune,Maharashtra,Beauty,Shampoo,ORD101332,2025-05-04,2,599,1018.3,15,90.92,UPI,Completed,3,YouTube,Mobile
CUST10930,Aanya Mehta,29,Female,Bengaluru,Karnataka,Electronics,Bluetooth Speaker,ORD101333,2025-12-22,4,1999,6796.6,15,1753.43,Net Banking,Completed,3,Google Ads,Mobile
CUST10743,Rahul Gupta,53,Female,Jaipur,Rajasthan,Electronics,Smart Watch,ORD101334,2025-03-28,2,2499,4248.3,15,934.99,Credit Card,Completed,5,Google Ads,Desktop
CUST10549,Riya Shah,49,Male,Indore,Madhya Pradesh,Electronics,Bluetooth Speaker,ORD101335,2025-02-27,5,1999,9995.0,0,1666.64,Debit Card,Completed,3,Email,Tablet
CUST10046,Kiara Reddy,38,Male,Hyderabad,Telangana,Books,Business Book,ORD101336,2025-02-18,4,599,2276.2,5,502.57,UPI,Completed,5,Email,Mobile
CUST10340,Aditya Mehta,42,Male,Bengaluru,Karnataka,Books,Data Science Book,ORD101337,2025-03-30,5,799,3196.0,20,562.24,Debit Card,Completed,4,Google Ads,Tablet
CUST10641,Rahul Pawar,48,Male,Pune,Maharashtra,Fashion,T-Shirt,ORD101338,2025-11-11,1,599,569.05,5,108.26,Credit Card,Completed,3,Instagram,Tablet
CUST10432,Ishaan Patil,35,Male,Nashik,Maharashtra,Home,Cushion Set,ORD101339,2025-09-26,3,599,1707.15,5,386.21,Debit Card,Completed,3,Facebook,Tablet
CUST10225,Aarav Kulkarni,26,Male,Ahmedabad,Gujarat,Electronics,Smart Watch,ORD101340,2025-05-22,1,2499,2374.05,5,654.61,Credit Card,Cancelled,2,Instagram,Tablet
CUST10344,Aanya Nair,26,Female,Bengaluru,Karnataka,Electronics,Smart Watch,ORD101341,2025-03-08,3,2499,7122.15,5,628.78,UPI,Completed,4,Organic Search,Desktop
CUST10099,Aarav Kulkarni,21,Male,Delhi,Delhi,Home,Storage Box,ORD101342,2025-07-02,2,899,1528.3,15,261.93,Cash on Delivery,Completed,5,Facebook,Mobile
CUST10882,Aarav Kulkarni,28,Male,Nashik,Maharashtra,Books,Novel,ORD101343,2025-07-13,4,399,1596.0,0,277.6,Credit Card,Completed,3,Facebook,Tablet
CUST10582,Arjun Jadhav,19,Male,Hyderabad,Telangana,Home,Bedsheet,ORD101344,2025-07-18,5,1199,5395.5,10,503.81,UPI,Completed,3,Instagram,Mobile
CUST10472,Aarav Mehta,21,Female,Delhi,Delhi,Home,Cushion Set,ORD101345,2025-08-02,5,599,2695.5,10,737.94,UPI,Completed,4,Organic Search,Mobile
CUST10308,Rohan Patil,54,Female,Ahmedabad,Gujarat,Books,Business Book,ORD101346,2025-10-25,3,599,1617.3,10,148.94,UPI,Completed,4,Organic Search,Desktop
CUST10465,Siddharth Shah,30,Male,Delhi,Delhi,Fashion,Backpack,ORD101347,2025-11-28,4,999,3596.4,10,293.85,Credit Card,Completed,3,Instagram,Mobile
CUST10352,Isha Reddy,25,Male,Delhi,Delhi,Electronics,Bluetooth Speaker,ORD101348,2025-07-30,2,1999,3598.2,10,443.62,Cash on Delivery,Completed,5,YouTube,Desktop
CUST10758,Arjun Kulkarni,50,Male,Thane,Maharashtra,Books,Novel,ORD101349,2025-11-01,5,399,1695.75,15,457.56,Cash on Delivery,Returned,1,Organic Search,Mobile
CUST10909,Siddharth Reddy,23,Male,Kolkata,West Bengal,Books,Self Help Book,ORD101350,2025-10-14,4,449,1616.4,10,200.63,Credit Card,Completed,3,YouTube,Desktop
CUST10829,Aanya Kulkarni,21,Male,Bengaluru,Karnataka,Home,Storage Box,ORD101351,2025-04-14,2,899,1708.1,5,220.52,Credit Card,Cancelled,1,Google Ads,Mobile
CUST10512,Riya Singh,43,Female,Ahmedabad,Gujarat,Electronics,Bluetooth Speaker,ORD101352,2025-07-19,3,1999,5397.3,10,1363.97,Debit Card,Cancelled,3,Organic Search,Desktop
CUST10609,Ananya Gupta,41,Female,Chennai,Tamil Nadu,Fashion,Jacket,ORD101353,2025-05-19,3,1899,4557.6,20,795.02,Cash on Delivery,Completed,5,Organic Search,Mobile
CUST10948,Ishaan Deshmukh,23,Male,Delhi,Delhi,Fashion,Sneakers,ORD101354,2025-12-24,3,2199,5937.3,10,501.26,Cash on Delivery,Cancelled,3,Email,Tablet
CUST10187,Rahul Jadhav,43,Female,Pune,Maharashtra,Books,Data Science Book,ORD101355,2025-07-23,3,799,2157.3,10,420.98,UPI,Completed,4,Instagram,Mobile
CUST10977,Rohan Gupta,41,Female,Bengaluru,Karnataka,Books,Novel,ORD101356,2025-05-27,3,399,1137.15,5,178.49,Debit Card,Completed,5,YouTube,Tablet
CUST10464,Aryan Jadhav,28,Male,Chennai,Tamil Nadu,Beauty,Face Wash,ORD101357,2025-04-20,3,349,942.3,10,242.38,Cash on Delivery,Completed,3,Organic Search,Mobile
CUST10955,Aryan Patil,19,Female,Kolkata,West Bengal,Electronics,USB-C Hub,ORD101358,2025-07-02,1,1299,1104.15,15,295.94,UPI,Cancelled,2,Google Ads,Desktop
CUST10444,Aditya Reddy,53,Female,Ahmedabad,Gujarat,Home,Wall Clock,ORD101359,2025-12-03,2,699,1328.1,5,202.6,Cash on Delivery,Completed,3,Organic Search,Desktop
CUST10228,Vivaan Patil,49,Female,Thane,Maharashtra,Fashion,Jeans,ORD101360,2025-06-24,1,1299,1039.2,20,168.54,Net Banking,Completed,3,Organic Search,Desktop
CUST10948,Diya Kulkarni,38,Female,Nashik,Maharashtra,Beauty,Moisturizer,ORD101361,2025-05-23,2,499,848.3,15,68.44,Debit Card,Cancelled,1,Instagram,Desktop
CUST10183,Aarav Reddy,41,Male,Indore,Madhya Pradesh,Home,Storage Box,ORD101362,2025-03-19,1,899,899.0,0,76.47,Credit Card,Completed,5,Google Ads,Desktop
CUST10788,Meera Kulkarni,30,Female,Nashik,Maharashtra,Electronics,Power Bank,ORD101363,2025-10-21,1,899,719.2,20,100.85,Credit Card,Completed,3,Organic Search,Tablet
CUST10795,Priya Deshmukh,20,Male,Jaipur,Rajasthan,Fashion,T-Shirt,ORD101364,2025-06-29,2,599,1018.3,15,208.23,Net Banking,Completed,5,Instagram,Tablet
CUST10700,Kiara Pawar,58,Male,Mumbai,Maharashtra,Beauty,Moisturizer,ORD101365,2025-11-12,3,499,1422.15,5,318.32,Credit Card,Completed,5,Instagram,Mobile
CUST10708,Meera Gupta,57,Male,Nashik,Maharashtra,Fashion,Backpack,ORD101366,2025-05-28,5,999,3996.0,20,458.99,Credit Card,Completed,4,Email,Mobile
CUST10047,Isha Khan,23,Male,Nashik,Maharashtra,Books,Python Book,ORD101367,2025-01-26,1,699,594.15,15,94.72,Cash on Delivery,Completed,4,Instagram,Desktop
CUST10103,Arjun Jadhav,50,Female,Chennai,Tamil Nadu,Fashion,Jeans,ORD101368,2025-09-09,4,1299,5196.0,0,518.22,Debit Card,Completed,4,YouTube,Tablet
CUST10772,Aditya Nair,49,Male,Nagpur,Maharashtra,Beauty,Shampoo,ORD101369,2025-09-02,5,599,2695.5,10,635.79,Debit Card,Completed,4,Instagram,Mobile
CUST10879,Rohan Deshmukh,28,Male,Nagpur,Maharashtra,Books,Novel,ORD101370,2025-03-20,1,399,319.2,20,44.18,Cash on Delivery,Completed,5,Instagram,Tablet
CUST10217,Rahul Pawar,40,Male,Surat,Gujarat,Beauty,Face Wash,ORD101371,2025-11-13,4,349,1326.2,5,323.87,Debit Card,Returned,3,YouTube,Mobile
CUST10283,Aryan Nair,58,Female,Indore,Madhya Pradesh,Beauty,Moisturizer,ORD101372,2025-05-20,1,499,499.0,0,92.97,UPI,Completed,4,Instagram,Mobile
CUST10179,Aryan Nair,53,Female,Bengaluru,Karnataka,Home,Table Lamp,ORD101373,2025-12-04,5,799,3595.5,10,394.42,Net Banking,Completed,4,YouTube,Mobile
CUST10371,Diya Gupta,54,Female,Hyderabad,Telangana,Beauty,Shampoo,ORD101374,2025-05-22,4,599,2396.0,0,342.07,Debit Card,Completed,3,Email,Tablet
CUST10279,Aditya Joshi,23,Male,Pune,Maharashtra,Beauty,Shampoo,ORD101375,2025-12-11,1,599,599.0,0,115.75,UPI,Completed,4,Facebook,Tablet
CUST10831,Kiara Gupta,55,Female,Pune,Maharashtra,Home,Cushion Set,ORD101376,2025-04-05,5,599,2545.75,15,385.81,Credit Card,Completed,3,Google Ads,Desktop
CUST10076,Rahul Kulkarni,18,Female,Nashik,Maharashtra,Electronics,USB-C Hub,ORD101377,2025-12-05,4,1299,5196.0,0,556.96,Credit Card,Completed,4,Facebook,Mobile
CUST10169,Nisha Khan,47,Female,Jaipur,Rajasthan,Books,Self Help Book,ORD101378,2025-09-25,4,449,1526.6,15,133.22,Net Banking,Completed,3,Organic Search,Desktop
CUST10548,Nisha Jadhav,29,Male,Nagpur,Maharashtra,Fashion,Jacket,ORD101379,2025-06-23,4,1899,7596.0,0,1307.09,Cash on Delivery,Completed,5,Organic Search,Tablet
CUST10337,Aanya Gupta,58,Female,Hyderabad,Telangana,Fashion,Backpack,ORD101380,2025-02-16,3,999,2847.15,5,293.42,Debit Card,Completed,4,Instagram,Mobile
CUST10498,Rahul Gupta,25,Female,Hyderabad,Telangana,Fashion,T-Shirt,ORD101381,2025-06-30,2,599,1198.0,0,236.27,Net Banking,Completed,4,Email,Desktop
CUST10558,Siddharth Singh,18,Female,Chennai,Tamil Nadu,Electronics,Wireless Headphones,ORD101382,2025-08-26,2,1499,2548.3,15,697.3,Net Banking,Completed,4,Organic Search,Desktop
CUST10264,Kiara Singh,37,Female,Thane,Maharashtra,Electronics,Power Bank,ORD101383,2025-08-07,2,899,1528.3,15,394.46,Debit Card,Completed,3,Google Ads,Mobile
CUST10191,Aanya Joshi,32,Male,Delhi,Delhi,Beauty,Moisturizer,ORD101384,2025-05-20,1,499,399.2,20,90.95,Net Banking,Completed,5,Organic Search,Mobile
CUST10184,Rohan Shah,42,Female,Pune,Maharashtra,Fashion,Sneakers,ORD101385,2025-10-31,2,2199,4398.0,0,962.92,Debit Card,Completed,3,Email,Mobile
CUST10636,Meera Khan,31,Male,Nashik,Maharashtra,Beauty,Shampoo,ORD101386,2025-11-11,2,599,1198.0,0,300.3,Cash on Delivery,Completed,5,Facebook,Desktop
CUST10764,Aanya Reddy,36,Female,Chennai,Tamil Nadu,Beauty,Perfume,ORD101387,2025-05-15,2,999,1798.2,10,493.56,Credit Card,Completed,4,Email,Tablet
CUST10968,Siddharth Shah,25,Male,Thane,Maharashtra,Beauty,Face Serum,ORD101388,2025-11-08,5,699,2796.0,20,360.45,Debit Card,Completed,5,Email,Tablet
CUST10150,Aryan Shah,35,Female,Bengaluru,Karnataka,Beauty,Shampoo,ORD101389,2025-12-03,1,599,479.2,20,111.09,Credit Card,Completed,3,Google Ads,Tablet
CUST10107,Rohan Shah,48,Female,Navi Mumbai,Maharashtra,Fashion,Backpack,ORD101390,2025-05-19,5,999,3996.0,20,785.32,UPI,Completed,3,Facebook,Desktop
CUST10646,Rahul Patil,48,Male,Nashik,Maharashtra,Electronics,Power Bank,ORD101391,2025-09-23,3,899,2427.3,10,630.73,Net Banking,Completed,4,Email,Desktop
CUST10152,Rohan Sharma,33,Male,Bengaluru,Karnataka,Electronics,Wireless Headphones,ORD101392,2025-06-05,3,1499,4047.3,10,782.49,Cash on Delivery,Completed,3,Instagram,Tablet
CUST10886,Rohan Reddy,40,Male,Mumbai,Maharashtra,Electronics,Smart Watch,ORD101393,2025-08-25,1,2499,2374.05,5,538.36,Debit Card,Completed,4,Facebook,Tablet
CUST10968,Kabir Joshi,55,Female,Chennai,Tamil Nadu,Home,Cushion Set,ORD101394,2025-02-10,1,599,479.2,20,128.42,UPI,Cancelled,2,Email,Tablet
CUST10907,Kabir Verma,38,Female,Navi Mumbai,Maharashtra,Beauty,Perfume,ORD101395,2025-10-05,2,999,1998.0,0,188.8,Credit Card,Completed,3,Email,Mobile
CUST10213,Rahul Reddy,60,Female,Nagpur,Maharashtra,Fashion,T-Shirt,ORD101396,2025-05-30,2,599,1138.1,5,161.62,UPI,Completed,4,Google Ads,Desktop
CUST10919,Kiara Khan,50,Female,Nagpur,Maharashtra,Beauty,Face Serum,ORD101397,2025-11-30,1,699,699.0,0,133.11,Credit Card,Completed,5,Facebook,Desktop
CUST10310,Rohan Reddy,59,Male,Delhi,Delhi,Electronics,Power Bank,ORD101398,2025-05-15,4,899,3236.4,10,300.6,Credit Card,Completed,3,Email,Mobile
CUST10186,Sara Jadhav,41,Male,Nashik,Maharashtra,Electronics,Smart Watch,ORD101399,2025-05-24,2,2499,3998.4,20,807.28,Net Banking,Completed,4,Email,Tablet
CUST10588,Kabir Gupta,26,Male,Surat,Gujarat,Books,Data Science Book,ORD101400,2025-01-09,5,799,3795.25,5,310.69,UPI,Completed,4,Instagram,Mobile
CUST10803,Aryan Sharma,32,Male,Indore,Madhya Pradesh,Fashion,Sneakers,ORD101401,2025-12-21,4,2199,7476.6,15,1257.52,Net Banking,Completed,4,Email,Mobile
CUST10380,Rohan Jadhav,48,Female,Bengaluru,Karnataka,Books,Self Help Book,ORD101402,2025-01-30,3,449,1212.3,10,157.39,Credit Card,Completed,5,Google Ads,Mobile
CUST10048,Aryan Pawar,55,Male,Indore,Madhya Pradesh,Books,Python Book,ORD101403,2025-04-21,4,699,2656.2,5,337.33,Credit Card,Completed,3,Facebook,Desktop
CUST10060,Kiara Jadhav,19,Male,Bengaluru,Karnataka,Electronics,Power Bank,ORD101404,2025-03-09,2,899,1708.1,5,362.77,Net Banking,Completed,4,YouTube,Desktop
CUST10959,Sara Singh,24,Female,Indore,Madhya Pradesh,Beauty,Perfume,ORD101405,2025-11-15,3,999,2697.3,10,439.08,Credit Card,Completed,5,Email,Mobile
CUST10614,Sara Gupta,52,Female,Delhi,Delhi,Beauty,Moisturizer,ORD101406,2025-02-02,4,499,1896.2,5,280.44,UPI,Completed,4,Facebook,Tablet
CUST10463,Diya Jadhav,52,Female,Navi Mumbai,Maharashtra,Home,Wall Clock,ORD101407,2025-09-06,5,699,3320.25,5,894.58,Cash on Delivery,Completed,3,Google Ads,Mobile
CUST10567,Aditya Patil,21,Male,Pune,Maharashtra,Electronics,USB-C Hub,ORD101408,2025-12-23,4,1299,4156.8,20,367.43,Net Banking,Completed,5,YouTube,Tablet
CUST10633,Meera Nair,21,Male,Mumbai,Maharashtra,Beauty,Shampoo,ORD101409,2025-06-30,1,599,569.05,5,113.61,Debit Card,Completed,5,YouTube,Desktop
CUST10466,Arjun Singh,24,Female,Nashik,Maharashtra,Fashion,Jeans,ORD101410,2025-05-11,2,1299,2208.3,15,594.19,Credit Card,Completed,5,Instagram,Mobile
CUST10392,Rohan Deshmukh,25,Female,Navi Mumbai,Maharashtra,Beauty,Moisturizer,ORD101411,2025-05-14,4,499,1796.4,10,389.85,Credit Card,Completed,5,Instagram,Tablet
CUST10512,Sara Nair,30,Male,Ahmedabad,Gujarat,Fashion,Sneakers,ORD101412,2025-01-10,3,2199,5937.3,10,1000.81,Cash on Delivery,Completed,5,Facebook,Tablet
CUST10358,Aarav Verma,47,Female,Indore,Madhya Pradesh,Electronics,Smart Watch,ORD101413,2025-07-13,1,2499,2249.1,10,456.05,UPI,Completed,5,Facebook,Desktop
CUST10239,Priya Verma,57,Female,Nagpur,Maharashtra,Fashion,Jacket,ORD101414,2025-11-03,4,1899,7216.2,5,808.15,Debit Card,Completed,4,Instagram,Desktop
CUST10556,Priya Joshi,28,Female,Indore,Madhya Pradesh,Fashion,Sneakers,ORD101415,2025-02-11,5,2199,10445.25,5,872.26,UPI,Cancelled,3,Instagram,Tablet
CUST10606,Aanya Shah,28,Male,Nashik,Maharashtra,Fashion,Backpack,ORD101416,2025-07-30,3,999,2997.0,0,282.52,Debit Card,Completed,3,Email,Tablet
CUST10044,Aryan Khan,33,Female,Ahmedabad,Gujarat,Beauty,Moisturizer,ORD101417,2025-06-01,4,499,1896.2,5,465.2,Net Banking,Completed,3,Organic Search,Mobile
CUST10779,Nisha Mehta,19,Female,Navi Mumbai,Maharashtra,Books,Python Book,ORD101418,2025-02-24,1,699,664.05,5,80.32,UPI,Completed,5,Google Ads,Desktop
CUST10768,Rahul Patil,59,Male,Chennai,Tamil Nadu,Electronics,Smart Watch,ORD101419,2025-03-30,2,2499,4998.0,0,1349.22,Debit Card,Completed,4,Facebook,Tablet
CUST10107,Aanya Mehta,27,Male,Indore,Madhya Pradesh,Beauty,Face Serum,ORD101420,2025-07-25,4,699,2236.8,20,402.4,Cash on Delivery,Completed,3,Google Ads,Tablet
CUST10182,Sara Mehta,21,Female,Navi Mumbai,Maharashtra,Beauty,Shampoo,ORD101421,2025-12-11,3,599,1707.15,5,422.41,Cash on Delivery,Completed,4,Facebook,Desktop
CUST10122,Aryan Nair,38,Female,Bengaluru,Karnataka,Books,Python Book,ORD101422,2025-07-24,4,699,2376.6,15,324.06,Cash on Delivery,Completed,5,Organic Search,Tablet
CUST10018,Siddharth Kulkarni,29,Male,Nashik,Maharashtra,Electronics,USB-C Hub,ORD101423,2025-04-02,2,1299,2208.3,15,533.82,Debit Card,Completed,3,YouTube,Mobile
CUST10093,Rahul Shah,34,Female,Mumbai,Maharashtra,Books,Data Science Book,ORD101424,2025-09-19,1,799,719.1,10,162.91,Net Banking,Cancelled,1,Facebook,Desktop
CUST10114,Kiara Shah,56,Female,Nashik,Maharashtra,Books,Python Book,ORD101425,2025-03-24,5,699,2796.0,20,277.66,Cash on Delivery,Completed,3,Google Ads,Mobile
CUST10345,Isha Khan,19,Female,Nagpur,Maharashtra,Fashion,T-Shirt,ORD101426,2025-04-11,1,599,599.0,0,89.59,Credit Card,Completed,5,Facebook,Desktop
CUST10958,Aarav Joshi,58,Male,Nagpur,Maharashtra,Electronics,Bluetooth Speaker,ORD101427,2025-09-29,2,1999,3598.2,10,463.64,Debit Card,Cancelled,1,Facebook,Tablet
CUST10843,Nisha Deshmukh,60,Female,Nashik,Maharashtra,Books,Self Help Book,ORD101428,2025-10-01,1,449,449.0,0,76.43,Net Banking,Completed,3,Organic Search,Mobile
CUST10418,Rahul Nair,53,Male,Surat,Gujarat,Fashion,Backpack,ORD101429,2025-04-15,5,999,4245.75,15,911.29,UPI,Completed,4,Facebook,Desktop
CUST10001,Sara Reddy,43,Male,Kolkata,West Bengal,Fashion,Jacket,ORD101430,2025-10-10,4,1899,7596.0,0,984.19,UPI,Completed,3,Instagram,Mobile
CUST10473,Kabir Reddy,32,Male,Kolkata,West Bengal,Books,Data Science Book,ORD101431,2025-04-25,1,799,639.2,20,159.69,Cash on Delivery,Completed,3,YouTube,Mobile
CUST10741,Ananya Pawar,19,Female,Hyderabad,Telangana,Beauty,Perfume,ORD101432,2025-01-23,4,999,3396.6,15,336.24,Debit Card,Completed,5,Facebook,Mobile
CUST10712,Ishaan Gupta,22,Male,Mumbai,Maharashtra,Books,Data Science Book,ORD101433,2025-07-29,4,799,2556.8,20,431.89,UPI,Completed,5,Email,Tablet
CUST10378,Sara Pawar,37,Male,Delhi,Delhi,Home,Cushion Set,ORD101434,2025-03-19,2,599,1198.0,0,333.21,Net Banking,Completed,4,Facebook,Desktop
CUST10580,Nisha Nair,40,Male,Jaipur,Rajasthan,Books,Novel,ORD101435,2025-06-07,2,399,718.2,10,121.84,Credit Card,Completed,5,Email,Desktop
CUST10643,Isha Kulkarni,58,Female,Nagpur,Maharashtra,Electronics,Power Bank,ORD101436,2025-11-08,3,899,2562.15,5,501.84,Net Banking,Completed,4,Instagram,Tablet
CUST10469,Kiara Verma,22,Female,Delhi,Delhi,Beauty,Face Serum,ORD101437,2025-10-15,5,699,2970.75,15,525.48,Debit Card,Completed,5,YouTube,Tablet
CUST10822,Sara Joshi,57,Female,Bengaluru,Karnataka,Books,Python Book,ORD101438,2025-09-18,4,699,2516.4,10,239.19,Cash on Delivery,Completed,5,Email,Mobile
CUST10390,Aryan Verma,47,Female,Delhi,Delhi,Books,Python Book,ORD101439,2025-10-02,2,699,1188.3,15,269.29,Debit Card,Completed,3,Facebook,Tablet
CUST10856,Siddharth Joshi,18,Female,Mumbai,Maharashtra,Books,Data Science Book,ORD101440,2025-06-17,5,799,3395.75,15,866.49,UPI,Returned,1,Instagram,Desktop
CUST10854,Vivaan Khan,43,Female,Nashik,Maharashtra,Home,Storage Box,ORD101441,2025-10-06,5,899,4495.0,0,375.85,Debit Card,Completed,5,Email,Tablet
CUST10565,Aarav Mehta,52,Male,Pune,Maharashtra,Books,Self Help Book,ORD101442,2025-06-06,2,449,898.0,0,131.09,Credit Card,Completed,5,Facebook,Tablet
CUST10049,Ishaan Nair,24,Female,Ahmedabad,Gujarat,Books,Python Book,ORD101443,2025-08-17,4,699,2656.2,5,220.24,UPI,Completed,3,Instagram,Mobile
CUST10397,Diya Jadhav,43,Female,Kolkata,West Bengal,Electronics,USB-C Hub,ORD101444,2025-01-09,5,1299,5845.5,10,1221.77,Debit Card,Cancelled,3,Google Ads,Tablet
CUST10670,Meera Mehta,60,Male,Thane,Maharashtra,Home,Cushion Set,ORD101445,2025-09-03,4,599,1916.8,20,173.2,UPI,Cancelled,1,Facebook,Desktop
CUST10973,Vivaan Sharma,25,Female,Nashik,Maharashtra,Fashion,Jacket,ORD101446,2025-05-19,3,1899,5697.0,0,510.0,Debit Card,Cancelled,3,Instagram,Tablet
CUST10387,Diya Singh,35,Male,Chennai,Tamil Nadu,Home,Cushion Set,ORD101447,2025-07-11,5,599,2545.75,15,620.4,Credit Card,Completed,3,Instagram,Mobile
CUST10128,Nisha Shah,45,Female,Navi Mumbai,Maharashtra,Beauty,Moisturizer,ORD101448,2025-04-05,3,499,1272.45,15,297.27,Cash on Delivery,Cancelled,2,Google Ads,Desktop
CUST10805,Siddharth Singh,19,Male,Nagpur,Maharashtra,Home,Cushion Set,ORD101449,2025-06-05,3,599,1527.45,15,397.37,Debit Card,Completed,5,Email,Tablet
CUST10342,Ananya Deshmukh,24,Female,Nagpur,Maharashtra,Fashion,Backpack,ORD101450,2025-02-11,2,999,1798.2,10,146.05,Debit Card,Returned,3,Instagram,Mobile
CUST10243,Aarav Pawar,33,Male,Nashik,Maharashtra,Beauty,Moisturizer,ORD101451,2025-02-04,2,499,998.0,0,265.57,Credit Card,Cancelled,4,YouTube,Desktop
CUST10568,Isha Jadhav,35,Male,Bengaluru,Karnataka,Books,Self Help Book,ORD101452,2025-06-14,2,449,718.4,20,107.26,Debit Card,Completed,4,Instagram,Mobile
CUST10630,Rahul Kulkarni,40,Female,Chennai,Tamil Nadu,Fashion,Sneakers,ORD101453,2025-09-15,1,2199,1869.15,15,192.77,UPI,Completed,4,Organic Search,Mobile
CUST10483,Vivaan Mehta,58,Female,Mumbai,Maharashtra,Electronics,Bluetooth Speaker,ORD101454,2025-08-18,3,1999,4797.6,20,472.8,Credit Card,Completed,4,Email,Tablet
CUST10471,Rohan Verma,46,Female,Nagpur,Maharashtra,Books,Python Book,ORD101455,2025-10-25,1,699,594.15,15,61.68,Credit Card,Completed,5,Email,Desktop
CUST10086,Vivaan Joshi,32,Male,Surat,Gujarat,Beauty,Face Serum,ORD101456,2025-03-05,5,699,3495.0,0,434.95,UPI,Completed,4,YouTube,Mobile
CUST10492,Isha Reddy,20,Male,Nagpur,Maharashtra,Books,Business Book,ORD101457,2025-10-13,5,599,2396.0,20,617.99,Cash on Delivery,Completed,3,Organic Search,Mobile
CUST10852,Sara Khan,29,Female,Mumbai,Maharashtra,Home,Table Lamp,ORD101458,2025-12-21,3,799,2277.15,5,237.84,Credit Card,Completed,4,Email,Tablet
CUST10891,Riya Sharma,24,Female,Nagpur,Maharashtra,Books,Self Help Book,ORD101459,2025-09-02,1,449,404.1,10,66.66,Net Banking,Completed,4,Organic Search,Mobile
CUST10140,Meera Pawar,42,Female,Ahmedabad,Gujarat,Fashion,Backpack,ORD101460,2025-06-08,4,999,3196.8,20,851.72,Cash on Delivery,Completed,4,Facebook,Tablet
CUST10050,Isha Verma,39,Female,Thane,Maharashtra,Electronics,USB-C Hub,ORD101461,2025-01-15,5,1299,5196.0,20,1024.48,Cash on Delivery,Completed,3,Facebook,Tablet
CUST10680,Aryan Shah,19,Female,Navi Mumbai,Maharashtra,Books,Data Science Book,ORD101462,2025-02-13,3,799,2277.15,5,225.53,Cash on Delivery,Completed,4,Email,Desktop
CUST10575,Diya Verma,50,Female,Nashik,Maharashtra,Books,Python Book,ORD101463,2025-10-26,5,699,2796.0,20,628.65,Debit Card,Completed,3,Organic Search,Desktop
CUST10749,Riya Deshmukh,51,Female,Kolkata,West Bengal,Electronics,USB-C Hub,ORD101464,2025-08-14,1,1299,1234.05,5,134.13,Cash on Delivery,Completed,4,Facebook,Tablet
CUST10769,Rohan Verma,51,Male,Indore,Madhya Pradesh,Books,Data Science Book,ORD101465,2025-08-25,5,799,3395.75,15,882.02,Cash on Delivery,Completed,4,Facebook,Desktop
CUST10536,Ananya Jadhav,24,Female,Indore,Madhya Pradesh,Home,Bedsheet,ORD101466,2025-03-23,4,1199,4076.6,15,946.22,UPI,Completed,4,Google Ads,Mobile
CUST10504,Aarav Gupta,51,Male,Ahmedabad,Gujarat,Books,Python Book,ORD101467,2025-02-11,4,699,2236.8,20,229.98,Cash on Delivery,Completed,5,Google Ads,Desktop
CUST10152,Kiara Sharma,19,Female,Indore,Madhya Pradesh,Books,Self Help Book,ORD101468,2025-10-23,2,449,898.0,0,151.81,Cash on Delivery,Completed,4,Organic Search,Desktop
CUST10788,Aryan Nair,41,Male,Chennai,Tamil Nadu,Electronics,Bluetooth Speaker,ORD101469,2025-08-26,5,1999,7996.0,20,1840.45,Debit Card,Returned,1,Instagram,Mobile
CUST10874,Aarav Pawar,25,Female,Kolkata,West Bengal,Electronics,USB-C Hub,ORD101470,2025-05-08,2,1299,2078.4,20,199.45,Cash on Delivery,Returned,2,Organic Search,Desktop
CUST10877,Aanya Patil,33,Female,Nashik,Maharashtra,Beauty,Face Wash,ORD101471,2025-06-17,5,349,1745.0,0,380.44,Cash on Delivery,Completed,3,YouTube,Mobile
CUST10211,Ananya Sharma,26,Female,Mumbai,Maharashtra,Home,Bedsheet,ORD101472,2025-06-25,4,1199,4556.2,5,729.41,Net Banking,Cancelled,4,Organic Search,Mobile
CUST10062,Aditya Gupta,40,Female,Indore,Madhya Pradesh,Books,Self Help Book,ORD101473,2025-06-30,4,449,1436.8,20,185.45,UPI,Completed,5,YouTube,Desktop
CUST10599,Isha Patil,41,Female,Hyderabad,Telangana,Home,Cushion Set,ORD101474,2025-07-17,2,599,1198.0,0,251.74,Net Banking,Completed,3,Facebook,Mobile
CUST10483,Arjun Patil,42,Female,Navi Mumbai,Maharashtra,Home,Bedsheet,ORD101475,2025-03-10,4,1199,3836.8,20,339.62,Net Banking,Completed,3,Instagram,Desktop
CUST10387,Sara Shah,44,Male,Mumbai,Maharashtra,Beauty,Perfume,ORD101476,2025-06-01,1,999,899.1,10,236.3,Debit Card,Completed,3,Email,Mobile
CUST10849,Aditya Sharma,24,Female,Surat,Gujarat,Books,Business Book,ORD101477,2025-11-22,3,599,1707.15,5,250.87,Debit Card,Cancelled,4,Google Ads,Desktop
CUST10430,Kabir Kulkarni,53,Male,Pune,Maharashtra,Books,Novel,ORD101478,2025-01-05,2,399,678.3,15,187.23,Credit Card,Completed,4,Organic Search,Mobile
CUST10949,Ishaan Kulkarni,34,Male,Indore,Madhya Pradesh,Home,Cushion Set,ORD101479,2025-04-28,1,599,479.2,20,110.69,UPI,Completed,3,Facebook,Desktop
CUST10962,Isha Singh,43,Male,Chennai,Tamil Nadu,Home,Storage Box,ORD101480,2025-09-16,1,899,719.2,20,82.52,Cash on Delivery,Completed,4,Facebook,Desktop
CUST10127,Ananya Jadhav,40,Female,Jaipur,Rajasthan,Electronics,Smart Watch,ORD101481,2025-08-21,3,2499,5997.6,20,1377.79,Net Banking,Completed,4,Email,Mobile
CUST10923,Sara Mehta,25,Female,Mumbai,Maharashtra,Electronics,Power Bank,ORD101482,2025-04-17,3,899,2697.0,0,325.31,UPI,Completed,5,Facebook,Desktop
CUST10097,Meera Kulkarni,40,Female,Nagpur,Maharashtra,Books,Data Science Book,ORD101483,2025-09-01,2,799,1518.1,5,244.32,Credit Card,Completed,4,YouTube,Mobile
CUST10137,Nisha Reddy,25,Male,Chennai,Tamil Nadu,Home,Bedsheet,ORD101484,2025-04-06,5,1199,5095.75,15,1395.55,Debit Card,Completed,4,Email,Mobile
CUST10008,Aditya Kulkarni,28,Female,Mumbai,Maharashtra,Fashion,T-Shirt,ORD101485,2025-07-02,5,599,2995.0,0,673.37,Debit Card,Completed,3,Email,Mobile
CUST10861,Priya Pawar,55,Male,Mumbai,Maharashtra,Home,Table Lamp,ORD101486,2025-07-10,5,799,3795.25,5,424.73,Cash on Delivery,Returned,2,YouTube,Mobile
CUST10572,Nisha Verma,24,Female,Mumbai,Maharashtra,Fashion,Jeans,ORD101487,2025-01-15,3,1299,3117.6,20,843.07,Net Banking,Completed,5,Instagram,Tablet
CUST10297,Kiara Khan,31,Female,Delhi,Delhi,Fashion,Jeans,ORD101488,2025-06-02,3,1299,3897.0,0,1084.81,UPI,Completed,3,Email,Tablet
CUST10102,Rahul Khan,24,Male,Kolkata,West Bengal,Electronics,USB-C Hub,ORD101489,2025-06-06,5,1299,6495.0,0,565.64,Net Banking,Completed,4,Instagram,Mobile
CUST10401,Rohan Mehta,43,Male,Bengaluru,Karnataka,Beauty,Moisturizer,ORD101490,2025-01-17,1,499,474.05,5,111.78,Net Banking,Completed,3,YouTube,Mobile
CUST10099,Kabir Khan,52,Female,Pune,Maharashtra,Books,Novel,ORD101491,2025-11-06,1,399,359.1,10,62.11,Net Banking,Completed,3,Instagram,Mobile
CUST10165,Aarav Jadhav,47,Male,Navi Mumbai,Maharashtra,Fashion,Backpack,ORD101492,2025-01-18,4,999,3996.0,0,471.13,UPI,Completed,3,Google Ads,Mobile
CUST10324,Kiara Sharma,50,Female,Hyderabad,Telangana,Beauty,Face Wash,ORD101493,2025-03-03,4,349,1186.6,15,128.75,Debit Card,Completed,4,YouTube,Desktop
CUST10417,Priya Patil,54,Male,Jaipur,Rajasthan,Fashion,Backpack,ORD101494,2025-08-21,1,999,849.15,15,209.61,UPI,Completed,3,Instagram,Mobile
CUST10220,Siddharth Nair,26,Female,Jaipur,Rajasthan,Fashion,Sneakers,ORD101495,2025-01-08,2,2199,4398.0,0,921.77,Cash on Delivery,Completed,3,Email,Mobile
CUST10657,Kiara Verma,37,Male,Nashik,Maharashtra,Beauty,Perfume,ORD101496,2025-04-17,2,999,1698.3,15,345.44,Debit Card,Completed,4,Email,Mobile
CUST10848,Priya Khan,23,Male,Nagpur,Maharashtra,Beauty,Face Serum,ORD101497,2025-12-13,3,699,1677.6,20,142.3,Debit Card,Completed,4,Facebook,Tablet
CUST10175,Diya Sharma,26,Male,Navi Mumbai,Maharashtra,Electronics,Wireless Headphones,ORD101498,2025-10-02,5,1499,7495.0,0,1078.78,Net Banking,Completed,3,Facebook,Desktop
CUST10220,Nisha Jadhav,52,Female,Jaipur,Rajasthan,Beauty,Shampoo,ORD101499,2025-09-21,4,599,1916.8,20,317.41,Net Banking,Completed,3,Organic Search,Mobile
CUST10571,Riya Mehta,35,Male,Indore,Madhya Pradesh,Home,Cushion Set,ORD101500,2025-04-29,3,599,1797.0,0,327.48,UPI,Completed,5,Facebook,Mobile
